"ï»¿""symbol""",series,date,prevclose,openprice,highprice,lowprice,lastprice,closeprice,averageprice,totaltradedquantity,turnoverinrs,no.oftrades,deliverableqty,%dlyqttotradedqty
FIVESTAR,EQ,28-Dec-2022,577.65,578.0,587.45,575.0,580.0,580.65,579.92,39539,22929358.95,3075,12273.0,31.04
FIVESTAR,EQ,27-Dec-2022,586.65,586.65,594.45,572.2,576.9,577.65,583.93,73459,42895108.5,5278,17620.0,23.99
FIVESTAR,EQ,26-Dec-2022,553.65,585.45,594.0,561.35,594.0,586.65,578.56,182988,105868900.95,10115,43835.0,23.96
FIVESTAR,EQ,23-Dec-2022,570.55,570.55,574.1,550.0,552.0,553.65,561.72,91570,51436623.2,6890,51665.0,56.42
FIVESTAR,EQ,22-Dec-2022,595.45,606.65,606.65,563.45,575.0,570.55,577.59,102954,59465583.6,8435,38794.0,37.68
FIVESTAR,EQ,21-Dec-2022,614.85,615.0,615.0,572.0,600.0,595.45,595.82,270422,161123296.9,11660,157076.0,58.09
FIVESTAR,EQ,20-Dec-2022,594.65,593.55,617.8,590.35,616.0,614.85,606.58,303701,184218440.95,15356,130281.0,42.9
FIVESTAR,EQ,19-Dec-2022,610.25,626.95,626.95,590.05,592.05,594.65,601.58,233791,140644055.05,8797,124109.0,53.09
FIVESTAR,EQ,16-Dec-2022,584.75,593.8,627.8,586.5,610.3,610.25,610.21,423761,258582719.5,19380,133092.0,31.41
FIVESTAR,EQ,15-Dec-2022,600.35,598.6,617.25,577.0,578.5,584.75,600.48,214083,128552592.15,9624,60734.0,28.37
FIVESTAR,EQ,14-Dec-2022,583.35,585.0,607.95,582.95,598.0,600.35,597.02,386062,230487438.45,13907,93039.0,24.1
FIVESTAR,EQ,13-Dec-2022,567.5,577.65,603.7,564.0,578.55,583.35,590.24,595677,351590129.4,19340,131301.0,22.04
FIVESTAR,EQ,12-Dec-2022,565.0,567.75,583.95,561.05,562.5,567.5,571.83,236792,135404448.15,8896,82045.0,34.65
FIVESTAR,EQ,09-Dec-2022,590.2,586.1,591.95,560.05,568.0,565.0,578.08,525960,304045319.2,21938,135472.0,25.76
FIVESTAR,EQ,08-Dec-2022,617.9,622.0,629.95,583.05,587.0,590.2,607.97,1157910,703974266.05,39126,193441.0,16.71
FIVESTAR,EQ,07-Dec-2022,624.6,668.0,687.7,587.35,614.1,617.9,629.77,3357129,2114213434.4,88571,354113.0,10.55
FIVESTAR,EQ,06-Dec-2022,520.5,517.15,624.6,515.2,624.6,624.6,591.36,2132436,1261044910.2,60558,374719.0,17.57
FIVESTAR,EQ,05-Dec-2022,518.0,517.0,525.85,511.2,520.05,520.5,519.43,181204,94121933.1,8454,91842.0,50.68
FIVESTAR,EQ,02-Dec-2022,518.75,519.7,528.7,513.25,517.0,518.0,521.86,239327,124894072.35,9987,103857.0,43.4
FIVESTAR,EQ,01-Dec-2022,511.15,513.2,531.7,508.75,519.0,518.75,520.48,302352,157369498.1,12390,86894.0,28.74
FIVESTAR,EQ,30-Nov-2022,500.2,500.0,536.6,498.95,512.0,511.15,521.49,386424,201514742.9,14378,136634.0,35.36
FIVESTAR,EQ,29-Nov-2022,499.45,510.0,512.95,494.0,498.0,500.2,500.71,557957,279374940.45,16001,288908.0,51.78
FIVESTAR,EQ,28-Nov-2022,512.55,514.0,518.65,495.1,504.0,499.45,502.72,152475,76652521.8,6194,85923.0,56.35
FIVESTAR,EQ,25-Nov-2022,490.0,491.0,523.6,490.3,514.0,512.55,511.01,372240,190217360.6,22801,127221.0,34.18
FIVESTAR,EQ,24-Nov-2022,490.55,484.05,497.95,484.05,492.0,490.0,489.97,192573,94355416.0,10710,113361.0,58.87
FIVESTAR,EQ,23-Nov-2022,492.0,493.0,499.4,481.1,490.0,490.55,490.3,554688,271964820.5,24323,337685.0,60.88
FIVESTAR,EQ,22-Nov-2022,490.0,494.0,506.75,475.5,493.95,492.0,490.29,1117795,548049273.2,52287,360452.0,32.25
FIVESTAR,EQ,21-Nov-2022,474.0,468.8,543.6,448.2,489.95,490.0,491.13,13932702,6842807899.0,360530,5775167.0,41.45
FIVESTAR,EQ,28-Dec-2023,704.75,718.15,732.5,708.0,726.0,727.1,723.44,839853,607581337.5,39584,394964.0,47.03
FIVESTAR,EQ,27-Dec-2023,696.25,701.2,714.25,691.4,705.85,704.75,706.12,485583,342878360.55,26894,267076.0,55.00
FIVESTAR,EQ,26-Dec-2023,689.65,694.95,702.45,688.05,691.1,696.25,696.29,257372,179205817.55,17690,126684.0,49.22
FIVESTAR,EQ,22-Dec-2023,698.1,700.0,706.1,688.0,689.6,689.65,694.5,187208,130015877.75,15862,94615.0,50.54
FIVESTAR,EQ,21-Dec-2023,696.25,696.25,704.0,686.3,699.0,698.1,692.68,285840,197996191.45,27572,151920.0,53.15
FIVESTAR,EQ,20-Dec-2023,719.6,726.5,726.95,691.0,699.0,696.25,711.32,507011,360648127.95,21847,341062.0,67.27
FIVESTAR,EQ,19-Dec-2023,729.25,735.0,737.45,718.0,725.0,719.6,727.28,219371,159545222.3,14181,148874.0,67.86
FIVESTAR,EQ,18-Dec-2023,725.3,730.0,734.75,717.7,729.05,729.25,727.19,395216,287397711.55,24516,216911.0,54.88
FIVESTAR,EQ,15-Dec-2023,706.2,707.4,734.9,707.4,726.5,725.3,723.83,690308,499668255.2,33759,386347.0,55.97
FIVESTAR,EQ,14-Dec-2023,701.5,708.0,720.0,698.2,708.0,706.2,712.63,646168,460476706.1,26297,376454.0,58.26
FIVESTAR,EQ,13-Dec-2023,717.25,718.6,720.15,671.0,704.55,701.5,695.75,1270462,883918998.4,49609,597170.0,47.00
FIVESTAR,EQ,12-Dec-2023,726.15,726.05,730.0,714.0,715.1,717.25,722.85,864028,624562405.3,37766,502087.0,58.11
FIVESTAR,EQ,11-Dec-2023,735.15,738.5,744.95,721.5,723.0,726.15,733.5,332935,244207837.2,15703,181509.0,54.52
FIVESTAR,EQ,08-Dec-2023,756.55,738.0,758.8,729.45,735.0,735.15,730.85,25198901,18416637883.6,63216,23343457.0,92.64
FIVESTAR,EQ,07-Dec-2023,754.45,756.0,760.0,746.8,755.95,756.55,752.82,285778,215140644.3,12997,174690.0,61.13
FIVESTAR,EQ,06-Dec-2023,743.45,751.0,756.0,740.55,755.2,754.45,750.44,217234,163020106.65,18707,129695.0,59.70
FIVESTAR,EQ,05-Dec-2023,743.1,744.5,751.6,730.1,744.0,743.45,742.52,356938,265034292.3,31021,206326.0,57.80
FIVESTAR,EQ,04-Dec-2023,733.35,749.9,751.8,724.0,739.5,743.1,735.94,356454,262326977.8,28312,172980.0,48.53
FIVESTAR,EQ,01-Dec-2023,751.15,751.15,757.95,728.65,735.0,733.35,740.71,331608,245626994.7,23055,194085.0,58.53
FIVESTAR,EQ,30-Nov-2023,743.25,748.3,757.3,738.15,750.2,751.15,749.74,495437,371448538.25,29401,318939.0,64.38
FIVESTAR,EQ,29-Nov-2023,759.55,763.9,763.9,735.0,746.25,743.25,745.33,360320,268557668.9,32474,216362.0,60.05
FIVESTAR,EQ,28-Nov-2023,786.25,794.0,794.0,753.8,758.0,759.55,766.0,329330,252266282.4,26886,192188.0,58.36
FIVESTAR,EQ,24-Nov-2023,803.5,810.0,811.0,782.85,791.85,786.25,795.99,147991,117799703.85,13212,66945.0,45.24
FIVESTAR,EQ,23-Nov-2023,800.45,800.0,810.0,800.0,806.0,803.5,805.51,120080,96726002.05,9720,68262.0,56.85
FIVESTAR,EQ,22-Nov-2023,803.6,808.9,810.0,787.6,800.0,800.45,800.81,156570,125382697.55,12109,67662.0,43.22
FIVESTAR,EQ,21-Nov-2023,792.25,792.3,810.9,788.85,805.0,803.6,805.42,242848,195595099.6,15233,152110.0,62.64
FIVESTAR,EQ,20-Nov-2023,804.85,810.0,812.0,788.1,790.0,792.25,800.38,129631,103753564.05,10936,80015.0,61.73
FIVESTAR,EQ,17-Nov-2023,801.15,789.1,806.05,766.7,802.95,804.85,795.84,272192,216621041.15,17643,147198.0,54.08
FIVESTAR,EQ,16-Nov-2023,807.45,811.0,811.9,795.25,801.65,801.15,805.46,151897,122346787.15,10362,82303.0,54.18
FIVESTAR,EQ,15-Nov-2023,797.35,804.0,813.7,802.6,808.0,807.45,808.14,361230,291926000.35,24980,210628.0,58.31
FIVESTAR,EQ,13-Nov-2023,786.8,786.8,799.95,774.25,797.0,797.35,790.39,268829,212480289.7,19041,151058.0,56.19
FIVESTAR,EQ,12-Nov-2023,789.2,795.65,801.0,777.55,788.9,786.8,791.49,87236,69046396.8,4683,46188.0,52.95
FIVESTAR,EQ,10-Nov-2023,782.2,784.65,793.95,770.15,787.0,789.2,782.45,173197,135517904.7,18088,79007.0,45.62
FIVESTAR,EQ,09-Nov-2023,773.4,771.5,792.0,768.95,785.0,782.2,781.66,200958,157080942.3,10230,123384.0,61.40
FIVESTAR,EQ,08-Nov-2023,781.15,785.5,809.5,765.8,770.0,773.4,791.16,722297,571452412.8,27188,395792.0,54.80
FIVESTAR,EQ,07-Nov-2023,777.45,779.9,785.5,766.45,782.0,781.15,779.24,182009,141829175.75,14154,107006.0,58.79
FIVESTAR,EQ,06-Nov-2023,752.4,755.15,783.05,755.15,775.05,777.45,774.56,334251,258898241.2,19268,194769.0,58.27
FIVESTAR,EQ,03-Nov-2023,751.55,757.75,757.75,746.0,754.45,752.4,752.3,105543,79400329.55,6319,61153.0,57.94
FIVESTAR,EQ,02-Nov-2023,741.5,747.95,755.0,744.75,753.95,751.55,748.97,168504,126204798.15,14983,100469.0,59.62
FIVESTAR,EQ,01-Nov-2023,738.9,755.0,769.0,738.95,740.1,741.5,745.48,630749,470209633.05,26325,377784.0,59.89
FIVESTAR,EQ,31-Oct-2023,730.15,742.0,750.0,730.95,744.1,738.9,743.86,358337,266553815.65,25475,193887.0,54.11
FIVESTAR,EQ,30-Oct-2023,734.7,742.35,742.35,712.35,732.0,730.15,723.3,204200,147697685.15,16082,98235.0,48.11
FIVESTAR,EQ,27-Oct-2023,708.15,716.8,743.45,716.8,739.0,734.7,734.52,275438,202313817.85,22825,151416.0,54.97
FIVESTAR,EQ,26-Oct-2023,722.85,720.0,720.0,689.95,712.0,708.15,703.09,336480,236574873.25,31933,206727.0,61.44
FIVESTAR,EQ,25-Oct-2023,733.05,743.0,750.9,718.4,719.95,722.85,732.92,243689,178603874.05,21981,137573.0,56.45
FIVESTAR,EQ,23-Oct-2023,754.55,757.8,768.9,726.0,733.0,733.05,749.44,337111,252645988.55,18027,182346.0,54.09
FIVESTAR,EQ,20-Oct-2023,762.6,770.0,774.0,743.6,757.0,754.55,756.82,173724,131477453.1,11279,93090.0,53.58
FIVESTAR,EQ,19-Oct-2023,775.45,777.0,778.0,755.6,760.0,762.6,764.2,171166,130804228.55,12900,67113.0,39.21
FIVESTAR,EQ,18-Oct-2023,786.3,793.95,793.95,763.75,775.0,775.45,774.78,280064,216988815.6,18806,142633.0,50.93
FIVESTAR,EQ,17-Oct-2023,758.6,767.5,790.5,762.55,787.6,786.3,778.29,691107,537880174.7,26946,401697.0,58.12
FIVESTAR,EQ,16-Oct-2023,742.55,742.55,760.0,740.05,759.9,758.6,752.81,335031,252215010.05,17635,208706.0,62.29
FIVESTAR,EQ,13-Oct-2023,747.85,747.0,755.9,735.25,739.95,742.55,749.6,191762,143745539.45,10185,118602.0,61.85
FIVESTAR,EQ,12-Oct-2023,747.4,751.9,752.85,741.2,745.8,747.85,749.92,362536,271874442.65,12999,243585.0,67.19
FIVESTAR,EQ,11-Oct-2023,729.1,732.35,755.0,731.6,748.9,747.4,746.42,695025,518778711.0,23411,380590.0,54.76
FIVESTAR,EQ,10-Oct-2023,716.1,719.9,734.95,718.65,726.35,729.1,728.34,198614,144659117.35,13096,115717.0,58.26
FIVESTAR,EQ,09-Oct-2023,724.4,714.4,719.7,703.55,715.0,716.1,713.93,122963,87787253.15,8188,57904.0,47.09
FIVESTAR,EQ,06-Oct-2023,724.55,724.0,730.0,716.0,722.0,724.4,722.76,205406,148459526.3,8157,115644.0,56.30
FIVESTAR,EQ,05-Oct-2023,719.45,725.0,728.85,716.5,724.0,724.55,723.82,220796,159816358.9,7044,136210.0,61.69
FIVESTAR,EQ,04-Oct-2023,713.3,715.6,724.9,705.3,718.2,719.45,715.96,331525,237357571.3,13081,165139.0,49.81
FIVESTAR,EQ,03-Oct-2023,696.7,702.3,716.0,696.3,710.9,713.3,706.79,221710,156701644.1,11203,99703.0,44.97
FIVESTAR,EQ,29-Sep-2023,707.45,712.65,714.7,693.25,698.15,696.7,701.78,187743,131754760.35,9772,85630.0,45.61
FIVESTAR,EQ,28-Sep-2023,694.15,695.0,713.5,695.0,707.4,707.45,706.48,600221,424042415.6,24237,369049.0,61.49
FIVESTAR,EQ,27-Sep-2023,697.15,700.0,700.8,689.25,695.0,694.15,696.18,214591,149393464.3,8522,147961.0,68.95
FIVESTAR,EQ,26-Sep-2023,698.0,696.55,701.0,688.0,700.0,697.15,695.75,185521,129076617.05,12342,119949.0,64.66
FIVESTAR,EQ,25-Sep-2023,697.1,697.5,701.8,692.75,693.1,698.0,696.96,111754,77888315.6,5822,55225.0,49.42
FIVESTAR,EQ,22-Sep-2023,688.65,695.0,702.0,679.6,697.05,697.1,691.54,230158,159163098.4,15375,113278.0,49.22
FIVESTAR,EQ,21-Sep-2023,699.6,698.1,708.2,684.0,690.5,688.65,696.02,201339,140136457.15,14448,105932.0,52.61
FIVESTAR,EQ,20-Sep-2023,699.85,703.1,703.1,688.05,701.0,699.6,696.55,318329,221731880.55,14800,203045.0,63.78
FIVESTAR,EQ,18-Sep-2023,687.55,696.5,709.9,693.5,697.75,699.85,703.17,405076,284836923.15,20654,164892.0,40.71
FIVESTAR,EQ,15-Sep-2023,700.15,701.25,706.65,684.1,690.0,687.55,696.62,654087,455651027.1,17242,498217.0,76.17
FIVESTAR,EQ,14-Sep-2023,695.95,704.9,715.4,696.1,699.9,700.15,703.51,284321,200023436.55,13322,158696.0,55.82
FIVESTAR,EQ,13-Sep-2023,689.0,682.0,707.65,682.0,695.0,695.95,696.76,609952,424992896.5,24393,333945.0,54.75
FIVESTAR,EQ,12-Sep-2023,727.15,732.7,733.0,681.4,695.7,689.0,708.6,727631,515596339.05,26939,507118.0,69.69
FIVESTAR,EQ,11-Sep-2023,728.7,735.05,740.0,720.0,723.15,727.15,731.19,512765,374928694.55,18324,274039.0,53.44
FIVESTAR,EQ,08-Sep-2023,705.15,710.0,732.1,693.3,724.0,728.7,712.11,1459324,1039194868.7,35778,1007822.0,69.06
FIVESTAR,EQ,07-Sep-2023,704.25,708.4,710.0,697.95,704.0,705.15,704.42,412617,290657617.0,19122,247985.0,60.10
FIVESTAR,EQ,06-Sep-2023,722.7,727.9,730.0,692.7,708.85,704.25,712.05,720112,512758987.5,32546,457587.0,63.54
FIVESTAR,EQ,05-Sep-2023,740.95,735.4,740.0,720.05,724.0,722.7,726.02,1028572,746765677.35,51581,692177.0,67.29
FIVESTAR,EQ,04-Sep-2023,728.25,734.0,743.15,732.8,740.2,740.95,739.21,1003910,742098809.9,22279,600565.0,59.82
FIVESTAR,EQ,01-Sep-2023,765.65,738.8,741.7,725.1,728.5,728.25,734.03,5280583,3876114181.75,54933,2999031.0,56.79
FIVESTAR,EQ,31-Aug-2023,744.95,749.8,787.0,726.9,783.95,765.65,759.94,2810055,2135473742.9,43596,2161136.0,76.91
FIVESTAR,EQ,30-Aug-2023,754.15,762.4,762.4,734.0,742.0,744.95,744.71,589924,439320908.15,26103,399689.0,67.75
FIVESTAR,EQ,29-Aug-2023,757.3,755.0,762.0,743.0,762.0,754.15,749.48,196962,147619257.2,15194,125349.0,63.64
FIVESTAR,EQ,28-Aug-2023,743.6,750.0,765.4,739.95,748.0,757.3,749.27,201729,151149326.05,18314,107062.0,53.07
FIVESTAR,EQ,25-Aug-2023,747.1,747.0,757.95,732.25,747.0,743.6,741.71,210290,155974034.3,23700,102838.0,48.90
FIVESTAR,EQ,24-Aug-2023,772.2,774.9,786.7,735.05,748.0,747.1,757.97,297708,225654300.05,28747,145581.0,48.90
FIVESTAR,EQ,23-Aug-2023,789.95,794.95,806.45,740.1,771.0,772.2,776.91,293532,228047743.05,17031,140354.0,47.82
FIVESTAR,EQ,22-Aug-2023,769.35,774.0,797.3,757.5,797.0,789.95,778.43,338167,263239859.7,23921,170197.0,50.33
FIVESTAR,EQ,21-Aug-2023,789.7,791.45,794.95,756.5,771.0,769.35,767.05,369836,283684105.95,30067,190405.0,51.48
FIVESTAR,EQ,18-Aug-2023,799.6,800.0,806.9,781.45,790.25,789.7,792.6,153280,121490318.6,15344,77517.0,50.57
FIVESTAR,EQ,17-Aug-2023,800.5,804.0,810.95,788.3,798.0,799.6,799.43,219393,175390156.7,20598,107860.0,49.16
FIVESTAR,EQ,16-Aug-2023,787.55,790.0,825.45,785.55,801.55,800.5,800.57,570049,456365001.55,34050,300438.0,52.70
FIVESTAR,EQ,14-Aug-2023,810.05,814.9,837.45,770.6,790.0,787.55,804.84,544555,438282094.8,36346,212258.0,38.98
FIVESTAR,EQ,11-Aug-2023,846.95,860.0,876.55,804.8,810.55,810.05,843.29,841900,709963662.2,54686,343005.0,40.74
FIVESTAR,EQ,10-Aug-2023,832.3,829.9,855.8,813.0,855.8,846.95,839.34,816895,685651655.8,32813,442301.0,54.14
FIVESTAR,EQ,09-Aug-2023,774.0,779.8,843.95,771.6,833.55,832.3,819.71,1207927,990146166.1,54167,403534.0,33.41
FIVESTAR,EQ,08-Aug-2023,763.3,764.0,784.65,763.7,777.0,774.0,775.99,256110,198738314.0,15492,130939.0,51.13
FIVESTAR,EQ,07-Aug-2023,739.85,741.2,771.9,741.2,768.0,763.3,760.48,365586,278022412.35,16791,209855.0,57.40
FIVESTAR,EQ,04-Aug-2023,734.8,735.95,749.9,723.55,742.0,739.85,732.86,261571,191694035.3,18578,149390.0,57.11
FIVESTAR,EQ,03-Aug-2023,749.0,754.25,754.5,733.0,734.9,734.8,742.73,348241,258650445.2,11114,253104.0,72.68
FIVESTAR,EQ,02-Aug-2023,721.85,729.8,757.3,722.0,752.0,749.0,744.36,1079230,803335443.95,29648,707107.0,65.52
FIVESTAR,EQ,01-Aug-2023,732.55,745.95,749.9,710.5,725.0,721.85,723.52,398223,288122845.15,21037,235561.0,59.15
FIVESTAR,EQ,31-Jul-2023,725.1,747.65,819.7,728.1,735.9,732.55,767.41,2036382,1562735690.95,62499,476532.0,23.40
FIVESTAR,EQ,28-Jul-2023,721.15,716.0,735.0,703.35,730.2,725.1,718.11,215437,154707177.6,16177,98097.0,45.53
FIVESTAR,EQ,27-Jul-2023,720.95,730.8,739.7,712.0,714.9,721.15,725.78,306927,222761526.55,19244,136660.0,44.53
FIVESTAR,EQ,26-Jul-2023,675.55,673.0,733.75,669.55,724.4,720.95,712.88,986899,703540958.85,40939,235452.0,23.86
FIVESTAR,EQ,25-Jul-2023,661.0,662.0,684.0,662.0,672.9,675.55,675.2,284211,191899194.6,18233,89807.0,31.60
FIVESTAR,EQ,24-Jul-2023,651.25,660.0,682.85,652.5,660.0,661.0,668.36,264160,176553025.75,14091,115755.0,43.82
FIVESTAR,EQ,21-Jul-2023,661.65,659.95,660.0,647.55,650.05,651.25,653.96,165062,107944557.65,18331,53416.0,32.36
FIVESTAR,EQ,20-Jul-2023,646.95,656.0,667.95,651.05,658.4,661.65,659.96,226003,149152016.75,12776,99650.0,44.09
FIVESTAR,EQ,19-Jul-2023,657.75,662.0,663.35,638.4,650.0,646.95,647.91,240937,156105755.1,11894,109819.0,45.58
FIVESTAR,EQ,18-Jul-2023,628.75,635.0,664.0,631.0,656.65,657.75,649.06,372484,241765549.3,23346,117883.0,31.65
FIVESTAR,EQ,17-Jul-2023,639.3,642.85,648.25,621.05,625.1,628.75,631.98,139796,88348723.4,13128,74505.0,53.30
FIVESTAR,EQ,14-Jul-2023,646.8,652.35,655.0,635.2,642.85,639.3,645.51,80655,52063340.0,6309,41976.0,52.04
FIVESTAR,EQ,13-Jul-2023,640.2,644.0,657.9,637.1,648.0,646.8,646.71,107156,69298459.65,7544,53717.0,50.13
FIVESTAR,EQ,12-Jul-2023,654.95,658.9,664.65,638.0,639.0,640.2,648.63,137709,89322691.25,16671,86957.0,63.15
FIVESTAR,EQ,11-Jul-2023,667.95,668.1,677.7,652.3,655.0,654.95,660.93,113273,74865487.25,8202,64519.0,56.96
FIVESTAR,EQ,10-Jul-2023,664.9,671.45,675.2,646.05,664.2,667.95,665.49,102341,68106967.05,7665,41488.0,40.54
FIVESTAR,EQ,07-Jul-2023,676.5,677.0,679.95,660.6,662.1,664.9,669.52,116389,77924601.55,9881,63105.0,54.22
FIVESTAR,EQ,06-Jul-2023,664.1,670.75,689.0,665.35,675.8,676.5,679.37,347490,236075917.25,18407,170054.0,48.94
FIVESTAR,EQ,05-Jul-2023,652.3,657.55,673.15,650.2,664.0,664.1,663.39,155358,103063196.9,11269,75003.0,48.28
FIVESTAR,EQ,04-Jul-2023,668.6,674.0,684.9,642.05,653.8,652.3,661.35,240497,159051635.7,14024,99465.0,41.36
FIVESTAR,EQ,03-Jul-2023,647.75,654.45,673.9,650.4,666.1,668.6,658.86,592489,390366293.9,15453,433126.0,73.10
FIVESTAR,EQ,30-Jun-2023,643.7,645.35,653.4,644.7,645.2,647.75,649.15,149322,96931957.7,10112,89965.0,60.25
FIVESTAR,EQ,28-Jun-2023,645.3,649.9,657.5,631.0,645.2,643.7,641.46,2278984,1461881824.15,20139,1534797.0,67.35
FIVESTAR,EQ,27-Jun-2023,659.7,659.7,668.45,641.4,645.0,645.3,651.65,195932,127679830.95,11200,88950.0,45.40
FIVESTAR,EQ,26-Jun-2023,636.8,636.0,674.8,625.0,664.9,659.7,662.13,430609,285121078.2,23195,200995.0,46.68
FIVESTAR,EQ,23-Jun-2023,642.45,645.9,647.35,632.05,637.35,636.8,639.12,117929,75370840.95,6836,65774.0,55.77
FIVESTAR,EQ,22-Jun-2023,655.9,657.0,669.55,637.9,648.0,642.45,652.46,175599,114571917.35,8822,81091.0,46.18
FIVESTAR,EQ,21-Jun-2023,641.25,641.25,674.4,641.25,657.0,655.9,657.71,401939,264359472.45,14664,157427.0,39.17
FIVESTAR,EQ,20-Jun-2023,650.2,651.0,654.25,630.75,640.0,641.25,640.65,311460,199535511.65,13157,116726.0,37.48
FIVESTAR,EQ,19-Jun-2023,599.7,641.0,659.0,624.0,644.2,650.2,643.17,1634510,1051275188.15,52001,492786.0,30.15
FIVESTAR,EQ,16-Jun-2023,597.5,598.9,609.15,589.0,599.8,599.7,597.57,183719,109784802.65,11037,93194.0,50.73
FIVESTAR,EQ,15-Jun-2023,603.9,606.8,606.8,590.0,597.0,597.5,597.58,270125,161422367.4,12720,187191.0,69.30
FIVESTAR,EQ,14-Jun-2023,604.1,600.0,612.9,600.0,606.0,603.9,605.08,140347,84921863.15,8303,79752.0,56.82
FIVESTAR,EQ,13-Jun-2023,595.65,600.0,616.6,596.9,600.5,604.1,607.02,236178,143364498.8,11640,131196.0,55.55
FIVESTAR,EQ,12-Jun-2023,593.4,599.85,602.25,589.35,594.0,595.65,596.02,114547,68272126.35,7150,63232.0,55.20
FIVESTAR,EQ,09-Jun-2023,582.95,592.0,620.95,586.3,597.8,593.4,592.3,2361140,1398495253.0,37901,1900947.0,80.51
FIVESTAR,EQ,08-Jun-2023,599.75,606.9,606.9,572.05,588.0,582.95,587.08,130892,76843711.4,7867,67824.0,51.82
FIVESTAR,EQ,07-Jun-2023,589.05,591.95,602.45,586.3,600.0,599.75,597.58,233135,139316717.5,9475,151382.0,64.93
FIVESTAR,EQ,06-Jun-2023,567.85,575.5,593.75,563.35,585.0,589.05,578.38,316701,183173182.45,12830,163796.0,51.72
FIVESTAR,EQ,05-Jun-2023,548.25,550.0,573.15,547.45,572.5,567.85,564.32,576465,325312791.45,17082,391432.0,67.90
FIVESTAR,EQ,02-Jun-2023,544.3,546.0,554.5,542.35,545.15,548.25,545.98,451015,246243777.75,7380,384325.0,85.21
FIVESTAR,EQ,01-Jun-2023,545.0,546.0,547.0,535.35,545.0,544.3,543.04,78207,42469218.4,3889,50797.0,64.95
FIVESTAR,EQ,31-May-2023,545.45,545.45,550.0,540.1,542.3,545.0,547.27,182444,99845991.9,7241,127497.0,69.88
FIVESTAR,EQ,30-May-2023,539.0,542.0,549.0,540.65,545.45,545.45,545.74,164205,89612831.45,7647,114386.0,69.66
FIVESTAR,EQ,29-May-2023,543.4,540.0,548.0,533.5,543.5,539.0,542.94,162183,88055743.05,6971,100369.0,61.89
FIVESTAR,EQ,26-May-2023,545.5,547.2,549.05,537.0,539.0,543.4,545.89,162508,88711944.7,5371,118898.0,73.16
FIVESTAR,EQ,25-May-2023,549.45,551.0,551.0,539.3,545.95,545.5,545.89,340453,185850188.65,8086,302441.0,88.83
FIVESTAR,EQ,24-May-2023,528.6,531.8,552.2,528.6,547.0,549.45,543.6,151334,82265345.25,5637,105668.0,69.82
FIVESTAR,EQ,23-May-2023,529.35,533.0,534.0,526.0,529.65,528.6,529.39,68392,36206304.8,4544,32505.0,47.53
FIVESTAR,EQ,22-May-2023,529.55,529.55,536.35,519.0,530.9,529.35,526.77,66318,34934499.95,4731,31769.0,47.90
FIVESTAR,EQ,19-May-2023,527.1,528.1,537.95,521.55,529.0,529.55,529.25,112576,59581221.0,8674,66040.0,58.66
FIVESTAR,EQ,18-May-2023,539.75,543.9,549.95,523.7,528.6,527.1,537.51,222244,119459317.6,12428,140938.0,63.42
FIVESTAR,EQ,17-May-2023,544.2,549.0,558.55,531.55,537.45,539.75,546.47,150743,82376356.95,5999,102776.0,68.18
FIVESTAR,EQ,16-May-2023,539.6,539.95,548.0,539.95,547.0,544.2,545.61,117529,64124563.7,9789,79093.0,67.30
FIVESTAR,EQ,15-May-2023,541.75,544.9,548.4,534.1,535.15,539.6,542.34,125146,67871711.6,7580,88699.0,70.88
FIVESTAR,EQ,12-May-2023,529.9,529.9,548.8,528.6,541.0,541.75,542.49,181868,98660909.15,6995,105341.0,57.92
FIVESTAR,EQ,11-May-2023,541.6,541.6,548.0,527.25,531.75,529.9,537.45,129241,69460710.2,8954,64422.0,49.85
FIVESTAR,EQ,10-May-2023,539.7,564.0,570.65,531.55,537.0,541.6,546.1,357728,195356138.7,14786,115428.0,32.27
FIVESTAR,EQ,09-May-2023,517.25,517.4,543.85,517.3,543.85,539.7,530.49,103340,54820640.55,4592,58803.0,56.90
FIVESTAR,EQ,08-May-2023,518.55,526.35,526.35,515.1,520.0,517.25,519.86,38804,20172762.0,2672,29443.0,75.88
FIVESTAR,EQ,05-May-2023,528.9,525.05,530.0,515.0,521.95,518.55,522.01,34171,17837588.65,2647,21780.0,63.74
FIVESTAR,EQ,04-May-2023,516.35,516.0,537.2,516.0,527.05,528.9,530.03,82768,43869352.1,3826,54664.0,66.04
FIVESTAR,EQ,03-May-2023,519.55,519.55,523.9,514.2,517.0,516.35,519.44,35652,18518982.55,2578,23887.0,67.00
FIVESTAR,EQ,02-May-2023,515.0,519.0,522.7,515.0,520.75,519.55,518.94,47437,24616862.3,2794,35680.0,75.22
FIVESTAR,EQ,28-Apr-2023,516.3,522.0,523.45,511.6,514.35,515.0,520.46,186986,97318648.85,2587,176285.0,94.28
FIVESTAR,EQ,27-Apr-2023,520.85,520.9,527.2,514.0,518.0,516.3,518.19,15522,8043396.25,1842,10617.0,68.40
FIVESTAR,EQ,26-Apr-2023,523.5,524.8,532.65,517.55,520.2,520.85,525.13,47897,25152306.15,4256,36244.0,75.67
FIVESTAR,EQ,25-Apr-2023,521.75,521.85,532.0,520.0,528.0,523.5,525.98,57678,30337253.5,3171,35410.0,61.39
FIVESTAR,EQ,24-Apr-2023,533.0,539.65,539.65,516.7,521.7,521.75,523.86,61924,32439797.5,3165,45975.0,74.24
FIVESTAR,EQ,21-Apr-2023,545.5,549.5,549.5,529.0,530.0,533.0,537.59,27256,14652534.85,2586,16204.0,59.45
FIVESTAR,EQ,20-Apr-2023,546.45,545.75,550.0,543.0,543.0,545.5,548.38,30672,16819773.3,1076,21521.0,70.16
FIVESTAR,EQ,19-Apr-2023,542.5,537.0,550.0,537.0,545.0,546.45,547.5,44472,24348358.85,3449,34099.0,76.68
FIVESTAR,EQ,18-Apr-2023,542.75,542.75,550.0,533.0,542.0,542.5,539.84,109973,59367506.65,4693,80550.0,73.25
FIVESTAR,EQ,17-Apr-2023,523.55,529.8,548.85,520.2,543.0,542.75,533.35,71708,38245702.95,6632,41080.0,57.29
FIVESTAR,EQ,13-Apr-2023,524.75,531.75,532.45,518.0,525.0,523.55,523.48,543087,284294750.3,6184,510954.0,94.08
FIVESTAR,EQ,12-Apr-2023,540.4,540.4,544.35,522.65,525.0,524.75,529.21,36827,19489394.9,3977,23500.0,63.81
FIVESTAR,EQ,11-Apr-2023,541.55,546.55,546.55,535.6,538.55,540.4,539.97,12279,6630274.5,1910,6213.0,50.60
FIVESTAR,EQ,10-Apr-2023,549.7,559.95,559.95,535.25,540.0,541.55,543.4,140245,76208707.6,5587,102479.0,73.07
FIVESTAR,EQ,06-Apr-2023,545.9,546.05,550.0,536.8,547.0,549.7,547.38,68656,37581096.1,3412,55478.0,80.81
FIVESTAR,EQ,05-Apr-2023,548.4,548.0,548.0,538.3,542.2,545.9,544.33,18064,9832822.4,2786,9293.0,51.44
FIVESTAR,EQ,03-Apr-2023,540.6,532.0,550.0,532.0,549.95,548.4,547.1,106464,58246372.3,6412,75663.0,71.07
FIVESTAR,EQ,31-Mar-2023,546.6,548.45,548.6,532.35,542.0,540.6,541.92,26888,14571017.95,2409,16575.0,61.64
FIVESTAR,EQ,29-Mar-2023,524.05,525.65,549.8,521.35,542.0,546.6,541.8,79182,42901179.8,4542,52453.0,66.24
FIVESTAR,EQ,28-Mar-2023,539.25,539.5,539.9,520.0,521.4,524.05,526.53,46208,24329937.85,2578,34002.0,73.58
FIVESTAR,EQ,27-Mar-2023,528.85,517.0,544.95,515.9,541.95,539.25,533.14,36115,19254305.1,3031,19883.0,55.05
FIVESTAR,EQ,24-Mar-2023,535.8,537.0,541.5,512.65,531.05,528.85,526.72,31175,16420385.95,3307,13796.0,44.25
FIVESTAR,EQ,23-Mar-2023,541.7,541.0,542.5,527.15,540.0,535.8,535.47,18497,9904558.3,3069,8199.0,44.33
FIVESTAR,EQ,22-Mar-2023,538.55,532.5,542.5,525.5,535.1,541.7,536.67,62170,33364714.1,3765,36117.0,58.09
FIVESTAR,EQ,21-Mar-2023,499.7,509.75,551.4,496.55,528.5,538.55,534.45,159344,85162140.7,10173,59764.0,37.51
FIVESTAR,EQ,20-Mar-2023,530.1,520.5,531.75,496.1,499.95,499.7,503.37,80342,40441442.3,4186,55701.0,69.33
FIVESTAR,EQ,17-Mar-2023,527.7,534.7,536.5,527.2,527.2,530.1,532.84,15622,8324103.9,1816,9842.0,63.00
FIVESTAR,EQ,16-Mar-2023,536.85,544.75,544.75,522.0,526.0,527.7,527.06,76284,40205901.8,6332,54146.0,70.98
FIVESTAR,EQ,15-Mar-2023,530.65,539.0,546.6,527.9,546.55,536.85,536.13,43225,23174186.9,4028,25143.0,58.17
FIVESTAR,EQ,14-Mar-2023,531.45,526.3,536.5,525.25,530.0,530.65,530.74,36664,19458968.4,5396,8429.0,22.99
FIVESTAR,EQ,13-Mar-2023,545.65,549.0,550.0,527.0,537.85,531.45,539.91,40364,21792781.65,2828,23528.0,58.29
FIVESTAR,EQ,10-Mar-2023,560.65,559.5,559.5,543.4,544.0,545.65,548.33,43053,23607397.75,6460,19272.0,44.76
FIVESTAR,EQ,09-Mar-2023,567.95,571.0,574.0,555.0,559.2,560.65,565.77,38898,22007160.45,5717,12628.0,32.46
FIVESTAR,EQ,08-Mar-2023,554.9,555.0,574.85,551.5,570.0,567.95,567.19,38390,21774492.25,3588,18027.0,46.96
FIVESTAR,EQ,06-Mar-2023,549.7,555.0,566.0,543.0,566.0,554.9,553.2,47098,26054602.0,5047,20363.0,43.24
FIVESTAR,EQ,03-Mar-2023,546.85,551.3,553.0,539.95,542.0,549.7,547.25,76928,42099200.5,5869,29304.0,38.09
FIVESTAR,EQ,02-Mar-2023,546.3,541.0,550.0,537.35,545.0,546.85,544.98,47404,25834341.5,6971,13472.0,28.42
FIVESTAR,EQ,01-Mar-2023,535.7,539.95,550.0,530.25,545.9,546.3,542.62,66810,36252609.0,8859,20058.0,30.02
FIVESTAR,EQ,28-Feb-2023,531.0,543.0,543.0,525.65,535.95,535.7,534.43,34860,18630373.3,5069,13411.0,38.47
FIVESTAR,EQ,27-Feb-2023,541.4,542.0,544.6,522.95,525.1,531.0,530.88,19459,10330466.45,3364,9778.0,50.25
FIVESTAR,EQ,24-Feb-2023,541.65,542.35,551.0,538.0,545.0,541.4,544.77,27396,14924558.7,2699,15267.0,55.73
FIVESTAR,EQ,23-Feb-2023,534.8,540.0,550.0,532.85,540.1,541.65,542.04,19622,10635830.0,3405,8091.0,41.23
FIVESTAR,EQ,22-Feb-2023,552.8,546.5,557.45,530.2,540.0,534.8,546.67,59573,32566695.95,7187,38688.0,64.94
FIVESTAR,EQ,21-Feb-2023,560.2,560.0,567.05,548.25,555.0,552.8,558.78,81867,45745265.65,5782,47369.0,57.86
FIVESTAR,EQ,20-Feb-2023,565.0,559.1,566.8,556.2,560.0,560.2,559.89,26351,14753585.8,2474,12825.0,48.67
FIVESTAR,EQ,17-Feb-2023,565.35,564.0,569.6,556.95,560.6,565.0,563.73,41028,23128705.55,5591,29225.0,71.23
FIVESTAR,EQ,16-Feb-2023,566.6,574.75,574.75,562.25,564.0,565.35,568.94,61270,34858901.95,3705,44355.0,72.39
FIVESTAR,EQ,15-Feb-2023,591.85,583.1,593.4,561.45,572.0,566.6,570.36,98088,55945283.7,7585,55326.0,56.40
FIVESTAR,EQ,14-Feb-2023,596.2,599.7,600.1,585.95,592.55,591.85,593.65,12155,7215766.1,1711,4751.0,39.09
FIVESTAR,EQ,13-Feb-2023,603.55,606.9,612.0,576.35,600.05,596.2,588.31,78767,46339119.35,5339,37399.0,47.48
FIVESTAR,EQ,10-Feb-2023,589.05,590.0,621.85,583.65,601.0,603.55,600.34,1191838,715510509.35,8895,1083041.0,90.87
FIVESTAR,EQ,09-Feb-2023,573.45,573.45,595.8,566.6,590.0,589.05,583.44,55266,32244191.6,4623,24004.0,43.43
FIVESTAR,EQ,08-Feb-2023,569.7,573.95,581.0,565.9,570.0,573.45,574.46,37431,21502441.35,3220,21221.0,56.69
FIVESTAR,EQ,07-Feb-2023,571.95,581.75,581.75,565.1,580.0,569.7,571.46,22737,12993326.5,3381,10151.0,44.65
FIVESTAR,EQ,06-Feb-2023,561.7,563.95,585.05,558.1,571.25,571.95,570.06,44540,25390582.0,3867,17804.0,39.97
FIVESTAR,EQ,03-Feb-2023,575.0,574.8,589.9,552.0,566.0,561.7,563.02,50419,28386809.5,3977,21361.0,42.37
FIVESTAR,EQ,02-Feb-2023,575.4,575.4,592.35,568.3,576.0,575.0,576.3,157523,90780975.65,6757,119805.0,76.06
FIVESTAR,EQ,01-Feb-2023,600.5,600.05,607.1,570.15,570.8,575.4,581.72,101771,59202088.5,5503,65260.0,64.12
FIVESTAR,EQ,31-Jan-2023,611.05,619.45,624.95,595.0,597.95,600.5,611.38,66654,40750605.05,9276,21525.0,32.29
FIVESTAR,EQ,30-Jan-2023,593.25,607.5,616.3,586.6,616.0,611.05,594.24,513980,305429338.3,7562,430695.0,83.80
FIVESTAR,EQ,27-Jan-2023,597.05,600.0,603.9,586.0,595.0,593.25,593.22,73100,43364389.3,6371,29294.0,40.07
FIVESTAR,EQ,25-Jan-2023,590.65,591.05,604.0,589.3,601.1,597.05,593.77,38999,23156502.8,5411,21102.0,54.11
FIVESTAR,EQ,24-Jan-2023,590.6,593.05,600.0,588.4,590.0,590.65,593.11,82420,48884398.6,5884,59728.0,72.47
FIVESTAR,EQ,23-Jan-2023,591.9,600.0,615.9,587.5,593.0,590.6,599.68,88310,52957570.0,7968,29790.0,33.73
FIVESTAR,EQ,20-Jan-2023,591.45,591.0,596.3,587.4,589.0,591.9,591.92,21039,12453400.75,2440,9824.0,46.69
FIVESTAR,EQ,19-Jan-2023,589.8,593.95,599.0,590.0,594.55,591.45,592.95,20392,12091460.95,1917,8174.0,40.08
FIVESTAR,EQ,18-Jan-2023,594.35,597.05,604.0,586.55,589.05,589.8,595.61,41427,24674435.2,4255,15887.0,38.35
FIVESTAR,EQ,17-Jan-2023,589.9,585.5,603.25,585.5,596.8,594.35,595.08,41657,24789345.3,3960,15715.0,37.72
FIVESTAR,EQ,16-Jan-2023,588.05,585.0,595.4,585.0,590.7,589.9,591.25,30969,18310297.75,2741,12912.0,41.69
FIVESTAR,EQ,13-Jan-2023,585.9,587.5,599.95,583.75,586.35,588.05,590.63,49846,29440468.55,3450,16828.0,33.76
FIVESTAR,EQ,12-Jan-2023,602.05,601.95,601.95,577.0,585.0,585.9,585.88,68778,40295598.1,5475,28899.0,42.02
FIVESTAR,EQ,11-Jan-2023,593.6,604.9,609.8,596.0,597.0,602.05,603.48,71875,43375192.3,5240,18253.0,25.40
FIVESTAR,EQ,10-Jan-2023,632.95,630.7,631.0,587.15,596.0,593.6,601.74,156571,94215629.6,8580,70390.0,44.96
FIVESTAR,EQ,09-Jan-2023,637.25,643.0,646.95,627.05,628.0,632.95,639.57,62370,39889836.15,4274,22993.0,36.87
FIVESTAR,EQ,06-Jan-2023,649.7,649.0,650.4,627.5,638.0,637.25,641.55,188156,120711329.75,8289,88841.0,47.22
FIVESTAR,EQ,05-Jan-2023,627.55,632.15,659.9,625.95,650.0,649.7,644.81,272222,175530669.55,14679,104708.0,38.46
FIVESTAR,EQ,04-Jan-2023,627.5,628.85,644.9,616.95,624.0,627.55,628.67,137670,86548933.15,10168,47627.0,34.60
FIVESTAR,EQ,03-Jan-2023,605.35,610.0,652.95,605.55,626.05,627.5,631.31,679139,428744597.7,17012,441749.0,65.05
FIVESTAR,EQ,02-Jan-2023,614.7,614.7,618.85,598.2,610.75,605.35,608.07,125625,76388507.6,10317,29323.0,23.34
FIVESTAR,EQ,30-Dec-2022,594.1,607.7,622.85,602.0,618.85,614.7,615.25,156851,96502025.0,8221,70045.0,44.66
FIVESTAR,EQ,29-Dec-2022,580.65,580.0,613.75,575.0,591.4,594.1,598.4,221588,132599280.0,10726,87341.0,39.42
FIVESTAR,EQ,27-Dec-2024,790.85,798.0,818.15,777.05,803.0,797.85,798.74,1781846,1423234271.65,61577,401399.0,22.53
FIVESTAR,EQ,26-Dec-2024,768.05,757.0,795.65,757.0,795.0,790.85,786.23,1241935,976444950.1,47094,407664.0,32.82
FIVESTAR,EQ,24-Dec-2024,767.35,774.3,774.3,759.3,764.5,768.05,767.03,696963,534588454.3,37023,406718.0,58.36
FIVESTAR,EQ,23-Dec-2024,767.25,765.0,788.9,749.55,770.0,767.35,767.6,1256155,964225166.9,49659,518127.0,41.25
FIVESTAR,EQ,20-Dec-2024,747.45,753.9,784.95,746.7,757.0,767.25,769.01,3284411,2525741296.8,92266,1305969.0,39.76
FIVESTAR,EQ,19-Dec-2024,749.4,711.95,758.95,711.95,748.65,747.45,748.41,2394920,1792389321.4,55139,1217434.0,50.83
FIVESTAR,EQ,18-Dec-2024,742.75,735.0,755.05,730.35,747.0,749.4,747.45,2860428,2138027332.65,71509,1563748.0,54.67
FIVESTAR,EQ,17-Dec-2024,704.85,703.0,747.5,699.4,738.7,742.75,731.31,4978468,3640787968.45,113508,2224740.0,44.69
FIVESTAR,EQ,16-Dec-2024,648.8,655.0,715.0,642.6,710.0,704.85,689.58,5836562,4024777429.6,163917,1701060.0,29.14
FIVESTAR,EQ,13-Dec-2024,650.3,652.85,652.85,633.85,649.95,648.8,644.7,572036,368790629.75,32026,278007.0,48.60
FIVESTAR,EQ,12-Dec-2024,634.65,634.65,658.2,634.65,651.0,650.3,651.16,3880118,2526576198.1,83075,2750220.0,70.88
FIVESTAR,EQ,11-Dec-2024,632.9,633.8,637.5,631.0,633.8,634.65,634.64,1212065,769230318.9,24431,962908.0,79.44
FIVESTAR,EQ,10-Dec-2024,633.2,635.0,638.35,626.35,630.1,632.9,632.55,1512429,956685550.6,24774,1189301.0,78.64
FIVESTAR,EQ,09-Dec-2024,635.3,641.0,643.45,630.1,633.6,633.2,634.48,464749,294875719.35,29335,258940.0,55.72
FIVESTAR,EQ,06-Dec-2024,651.15,650.05,652.7,632.5,637.9,635.3,642.42,1885858,1211520679.2,23918,1594272.0,84.54
FIVESTAR,EQ,05-Dec-2024,631.25,631.4,658.4,628.3,651.0,651.15,650.2,3040470,1976924225.8,59619,2201543.0,72.41
FIVESTAR,EQ,04-Dec-2024,632.8,639.6,639.6,629.0,631.2,631.25,630.95,1186719,748759314.9,21250,851304.0,71.74
FIVESTAR,EQ,03-Dec-2024,638.85,644.8,644.8,630.4,632.0,632.8,635.58,687066,436682143.85,45758,399275.0,58.11
FIVESTAR,EQ,02-Dec-2024,655.8,656.8,661.65,635.0,639.8,638.85,647.87,1611303,1043915319.0,36594,1212905.0,75.27
FIVESTAR,EQ,29-Nov-2024,656.5,655.0,659.35,652.3,654.55,655.8,655.87,1292047,847421077.05,32732,1017718.0,78.77
FIVESTAR,EQ,28-Nov-2024,644.45,649.0,660.9,644.9,655.0,656.5,654.54,1349287,883158784.4,37058,914078.0,67.75
FIVESTAR,EQ,27-Nov-2024,639.65,642.55,648.5,633.4,646.65,644.45,636.82,663643,422619157.9,14091,477618.0,71.97
FIVESTAR,EQ,26-Nov-2024,649.15,650.0,651.85,636.5,641.0,639.65,644.16,329386,212177820.45,15608,157471.0,47.81
FIVESTAR,EQ,25-Nov-2024,631.3,640.0,654.0,633.25,653.2,649.15,644.53,975284,628597788.15,36843,523311.0,53.66
FIVESTAR,EQ,22-Nov-2024,641.75,644.0,644.0,629.3,629.9,631.3,634.43,738907,468782692.7,17613,412954.0,55.89
FIVESTAR,EQ,21-Nov-2024,636.35,635.0,644.55,626.15,638.35,641.75,636.89,526537,335348022.85,18636,262726.0,49.90
FIVESTAR,EQ,19-Nov-2024,638.7,643.3,649.0,626.0,634.0,636.35,638.14,1983140,1265528075.65,38819,1366164.0,68.89
FIVESTAR,EQ,18-Nov-2024,647.7,650.0,650.0,626.65,640.0,638.7,635.24,430758,273633726.45,22383,188258.0,43.70
FIVESTAR,EQ,14-Nov-2024,642.75,642.8,651.25,637.65,646.0,647.7,644.91,584041,376654308.5,30011,285407.0,48.87
FIVESTAR,EQ,13-Nov-2024,638.65,638.65,650.0,636.55,648.0,642.75,643.49,1285450,827178840.95,33954,795809.0,61.91
FIVESTAR,EQ,12-Nov-2024,633.3,632.8,646.15,632.1,635.5,638.65,640.3,491484,314694808.25,26255,246572.0,50.17
FIVESTAR,EQ,11-Nov-2024,647.0,646.55,652.9,630.0,631.9,633.3,642.7,497051,319454352.55,24207,172198.0,34.64
FIVESTAR,EQ,08-Nov-2024,654.4,656.8,662.0,645.05,646.4,647.0,650.71,1539329,1001655257.65,36687,942392.0,61.22
FIVESTAR,EQ,07-Nov-2024,655.0,660.0,666.0,651.0,652.5,654.4,659.51,847954,559231493.35,29088,348999.0,41.16
FIVESTAR,EQ,06-Nov-2024,673.2,673.2,673.2,652.5,655.0,655.0,658.52,5252923,3459152181.4,78475,3563005.0,67.83
FIVESTAR,EQ,05-Nov-2024,695.1,694.85,706.6,671.15,672.3,673.2,686.1,1190624,816891483.3,38639,461646.0,38.77
FIVESTAR,EQ,04-Nov-2024,716.65,715.0,727.05,691.15,694.85,695.1,708.34,2506855,1775715878.65,64559,1202191.0,47.96
FIVESTAR,EQ,01-Nov-2024,711.25,726.0,729.0,712.0,713.05,716.65,719.32,471841,339404420.6,14229,180325.0,38.22
FIVESTAR,EQ,31-Oct-2024,765.25,765.25,769.2,698.65,716.9,711.25,710.0,7934474,5633503239.55,184533,2614729.0,32.95
FIVESTAR,EQ,30-Oct-2024,877.1,860.0,860.6,758.0,769.0,765.25,783.9,7161100,5613561236.45,206362,2963399.0,41.38
FIVESTAR,EQ,29-Oct-2024,851.85,848.35,888.8,845.05,878.0,877.1,867.18,1810029,1569622029.65,68044,898912.0,49.66
FIVESTAR,EQ,28-Oct-2024,864.95,866.5,887.0,848.55,851.25,851.85,858.87,1849434,1588418105.7,50331,1280124.0,69.22
FIVESTAR,EQ,25-Oct-2024,885.4,884.4,910.55,859.0,860.0,864.95,882.91,3616706,3193210575.7,96515,2206815.0,61.02
FIVESTAR,EQ,24-Oct-2024,864.3,864.3,943.75,861.05,885.0,885.4,897.84,4348090,3903874398.1,162725,1206507.0,27.75
FIVESTAR,EQ,23-Oct-2024,851.8,845.0,868.45,838.1,864.0,864.3,856.32,1031889,883631260.2,60261,557156.0,53.99
FIVESTAR,EQ,22-Oct-2024,869.35,868.75,888.4,840.4,860.95,851.8,861.34,2291237,1973529329.15,89854,1416067.0,61.80
FIVESTAR,EQ,21-Oct-2024,889.5,895.4,895.4,861.6,872.45,869.35,871.98,1178576,1027689729.6,58687,581067.0,49.30
FIVESTAR,EQ,18-Oct-2024,897.75,884.3,903.35,868.15,884.95,889.5,886.27,1664708,1475379418.3,95432,819721.0,49.24
FIVESTAR,EQ,17-Oct-2024,900.4,894.95,917.0,890.25,895.0,897.75,902.65,1410932,1273576907.2,66304,472235.0,33.47
FIVESTAR,EQ,16-Oct-2024,894.75,894.65,921.7,885.75,900.15,900.4,904.39,3370171,3047959332.35,114316,842876.0,25.01
FIVESTAR,EQ,15-Oct-2024,823.65,829.75,904.0,826.95,900.0,894.75,876.57,10235273,8971889186.4,232067,3113962.0,30.42
FIVESTAR,EQ,14-Oct-2024,806.4,808.0,827.4,799.7,824.6,823.65,818.08,997453,815991869.15,31057,621448.0,62.30
FIVESTAR,EQ,11-Oct-2024,806.9,805.05,813.9,801.0,805.1,806.4,807.03,240123,193786239.55,13644,117338.0,48.87
FIVESTAR,EQ,10-Oct-2024,803.35,805.0,814.7,802.15,809.0,806.9,808.57,366814,296594063.2,18259,179932.0,49.05
FIVESTAR,EQ,09-Oct-2024,805.55,806.0,812.5,791.9,804.65,803.35,802.64,788258,632686105.45,32434,415164.0,52.67
FIVESTAR,EQ,08-Oct-2024,790.95,780.6,812.05,780.0,805.0,805.55,799.92,803091,642412072.2,34439,467997.0,58.27
FIVESTAR,EQ,07-Oct-2024,799.1,799.0,811.0,782.8,791.0,790.95,791.68,896726,709917312.65,35806,500951.0,55.86
FIVESTAR,EQ,04-Oct-2024,818.05,815.05,824.4,795.5,801.0,799.1,807.05,1364398,1101135851.15,40615,721288.0,52.86
FIVESTAR,EQ,03-Oct-2024,825.35,815.0,828.0,805.1,814.35,818.05,818.44,1470066,1203164113.8,38995,603259.0,41.04
FIVESTAR,EQ,01-Oct-2024,780.25,778.0,832.0,777.0,826.15,825.35,813.04,3866302,3143476828.1,78791,2453787.0,63.47
FIVESTAR,EQ,30-Sep-2024,801.55,801.8,805.2,777.0,781.5,780.25,784.44,1341809,1052574126.2,68144,838422.0,62.48
FIVESTAR,EQ,27-Sep-2024,797.25,805.95,817.0,795.45,800.0,801.55,808.64,2927252,2367091327.25,62181,1750304.0,59.79
FIVESTAR,EQ,26-Sep-2024,808.0,848.0,848.0,786.85,796.1,797.25,807.82,22433624,18122276698.2,247740,10925337.0,48.70
FIVESTAR,EQ,25-Sep-2024,772.5,777.0,836.15,777.0,812.2,808.0,817.66,7394022,6045821640.75,220384,1186408.0,16.05
FIVESTAR,EQ,24-Sep-2024,791.6,796.85,805.05,766.45,778.9,772.5,781.36,732819,572598272.7,61726,347848.0,47.47
FIVESTAR,EQ,23-Sep-2024,806.35,818.45,818.45,788.45,793.0,791.6,800.65,615080,492463274.85,48896,368744.0,59.95
FIVESTAR,EQ,20-Sep-2024,770.75,771.8,835.7,758.85,811.0,806.35,803.51,9432298,7578964726.25,126606,6070539.0,64.36
FIVESTAR,EQ,19-Sep-2024,768.7,775.0,775.6,758.35,768.0,770.75,768.01,556502,427397794.35,40143,369544.0,66.40
FIVESTAR,EQ,18-Sep-2024,761.15,763.0,776.4,759.9,766.55,768.7,768.75,507059,389803153.25,37026,303126.0,59.78
FIVESTAR,EQ,17-Sep-2024,762.05,768.45,772.0,748.1,759.05,761.15,756.14,1595872,1206699054.45,61849,1270587.0,79.62
FIVESTAR,EQ,16-Sep-2024,750.4,754.5,770.95,745.1,763.0,762.05,760.87,838371,637890577.85,41638,488687.0,58.29
FIVESTAR,EQ,13-Sep-2024,743.0,750.0,754.95,740.85,751.0,750.4,747.73,854478,638919811.6,23188,704043.0,82.39
FIVESTAR,EQ,12-Sep-2024,742.85,746.0,750.6,736.0,740.9,743.0,744.25,318189,236813718.75,22030,187554.0,58.94
FIVESTAR,EQ,11-Sep-2024,747.45,745.0,750.0,732.05,742.8,742.85,741.67,393255,291666528.1,26366,272385.0,69.26
FIVESTAR,EQ,10-Sep-2024,736.65,745.0,750.0,733.0,744.0,747.45,742.22,355020,263502556.75,22622,235130.0,66.23
FIVESTAR,EQ,09-Sep-2024,752.25,752.3,758.45,734.05,739.0,736.65,746.27,844561,630271119.05,29412,623248.0,73.80
FIVESTAR,EQ,06-Sep-2024,758.7,759.0,772.95,744.25,746.0,752.25,756.83,636318,481586538.9,24995,417920.0,65.68
FIVESTAR,EQ,05-Sep-2024,759.8,760.05,764.65,750.0,757.5,758.7,759.36,554743,421247805.45,32400,363155.0,65.46
FIVESTAR,EQ,04-Sep-2024,763.5,755.0,763.8,752.5,760.0,759.8,760.17,519809,395143602.85,21714,396090.0,76.20
FIVESTAR,EQ,03-Sep-2024,761.6,762.0,773.15,759.8,760.05,763.5,765.06,426309,326153832.05,21031,254948.0,59.80
FIVESTAR,EQ,02-Sep-2024,758.85,765.0,770.65,758.05,760.0,761.6,765.28,751635,575210911.3,18372,592480.0,78.83
FIVESTAR,EQ,30-Aug-2024,740.75,744.4,764.0,729.3,761.0,758.85,750.88,487812,366288253.05,41436,306037.0,62.74
FIVESTAR,EQ,29-Aug-2024,743.8,743.8,748.95,731.2,736.65,740.75,740.66,278261,206097443.5,21873,157042.0,56.44
FIVESTAR,EQ,28-Aug-2024,733.15,733.0,748.0,726.3,743.25,743.8,741.92,260892,193561142.95,18083,178746.0,68.51
FIVESTAR,EQ,27-Aug-2024,736.05,730.0,741.3,729.4,735.0,733.15,735.29,217951,160256602.9,12623,143697.0,65.93
FIVESTAR,EQ,26-Aug-2024,739.25,740.15,742.2,731.5,737.8,736.05,735.25,448196,329535038.2,18784,361674.0,80.70
FIVESTAR,EQ,23-Aug-2024,737.35,740.0,744.85,731.15,736.6,739.25,738.61,271368,200435520.8,22751,173714.0,64.01
FIVESTAR,EQ,22-Aug-2024,722.4,724.95,742.35,712.0,735.5,737.35,735.97,245764,180873709.05,16088,148070.0,60.25
FIVESTAR,EQ,21-Aug-2024,716.7,717.0,736.75,710.75,720.0,722.4,722.34,212486,153487176.7,12392,102139.0,48.07
FIVESTAR,EQ,20-Aug-2024,709.55,713.5,719.8,705.2,716.0,716.7,713.24,233950,166863027.35,12061,140224.0,59.94
FIVESTAR,EQ,19-Aug-2024,710.75,715.0,717.8,704.35,710.95,709.55,709.04,448515,318016251.75,23035,314298.0,70.08
FIVESTAR,EQ,16-Aug-2024,692.65,700.0,713.65,697.85,711.0,710.75,709.75,233456,165695978.7,18369,146290.0,62.66
FIVESTAR,EQ,14-Aug-2024,696.8,700.0,701.95,687.05,692.5,692.65,693.84,286034,198461268.1,15596,156569.0,54.74
FIVESTAR,EQ,13-Aug-2024,693.15,696.4,701.95,689.0,696.0,696.8,697.12,524114,365371750.45,16036,373334.0,71.23
FIVESTAR,EQ,12-Aug-2024,703.45,703.45,710.0,687.8,692.0,693.15,695.5,256201,178188195.35,16688,126099.0,49.22
FIVESTAR,EQ,09-Aug-2024,726.4,730.0,733.0,700.1,704.8,703.45,709.43,440093,312217101.6,27863,267301.0,60.74
FIVESTAR,EQ,08-Aug-2024,721.3,728.45,731.45,720.2,724.75,726.4,724.16,333037,241171801.95,17186,153562.0,46.11
FIVESTAR,EQ,07-Aug-2024,722.4,728.15,735.85,719.05,725.0,721.3,723.65,144606,104644065.45,10525,72523.0,50.15
FIVESTAR,EQ,06-Aug-2024,727.2,729.95,739.8,720.0,720.0,722.4,725.88,300621,218213738.25,20964,138401.0,46.04
FIVESTAR,EQ,05-Aug-2024,777.55,767.8,767.8,723.8,725.0,727.2,738.37,568839,420013138.65,40115,318209.0,55.94
FIVESTAR,EQ,02-Aug-2024,764.4,758.85,785.0,748.6,778.0,777.55,774.16,420918,325855945.95,29080,167545.0,39.80
FIVESTAR,EQ,01-Aug-2024,757.05,764.6,781.8,757.0,765.5,764.4,767.5,547989,420579280.2,33945,212668.0,38.81
FIVESTAR,EQ,31-Jul-2024,754.25,759.0,769.25,737.5,756.8,757.05,753.62,976184,735671644.85,53859,291730.0,29.88
FIVESTAR,EQ,30-Jul-2024,770.0,775.05,775.05,751.0,756.0,754.25,760.89,270618,205910767.0,17529,175228.0,64.75
FIVESTAR,EQ,29-Jul-2024,757.85,768.95,782.0,759.5,766.0,770.0,770.2,280219,215824046.05,18065,135779.0,48.45
FIVESTAR,EQ,26-Jul-2024,723.9,733.35,764.85,728.75,759.5,757.85,752.47,496063,373270420.85,24547,94106.0,18.97
FIVESTAR,EQ,25-Jul-2024,744.2,722.0,742.0,716.0,729.8,723.9,727.47,382135,277993240.15,17441,181294.0,47.44
FIVESTAR,EQ,24-Jul-2024,759.6,760.0,760.0,740.9,742.8,744.2,750.68,274257,205878958.55,14523,165031.0,60.17
FIVESTAR,EQ,23-Jul-2024,758.55,758.55,763.0,740.1,763.0,759.6,756.2,259319,196096574.05,23853,114735.0,44.24
FIVESTAR,EQ,22-Jul-2024,767.65,767.65,769.6,753.0,764.35,758.55,760.72,161691,123002273.4,17250,76565.0,47.35
FIVESTAR,EQ,19-Jul-2024,766.1,767.65,774.25,745.45,771.1,767.65,761.12,411936,313531327.9,26262,213250.0,51.77
FIVESTAR,EQ,18-Jul-2024,780.65,786.85,787.15,760.1,770.0,766.1,768.94,742057,570598731.45,57098,424794.0,57.25
FIVESTAR,EQ,16-Jul-2024,805.55,805.55,807.1,774.0,781.8,780.65,781.77,678274,530257546.35,41506,398696.0,58.78
FIVESTAR,EQ,15-Jul-2024,796.15,795.0,823.0,787.35,804.25,805.55,804.55,564909,454496580.65,33886,196431.0,34.77
FIVESTAR,EQ,12-Jul-2024,823.8,823.8,827.95,785.0,795.25,796.15,804.17,422988,340152269.85,22665,222066.0,52.50
FIVESTAR,EQ,11-Jul-2024,828.4,828.3,829.9,798.4,817.75,823.8,816.73,705255,576001224.75,43938,232826.0,33.01
FIVESTAR,EQ,10-Jul-2024,790.9,808.75,832.55,798.0,826.1,828.4,821.28,1717148,1410257685.15,66267,489497.0,28.51
FIVESTAR,EQ,09-Jul-2024,783.3,789.5,815.0,780.9,796.0,790.9,800.83,408258,326945251.85,28124,180992.0,44.33
FIVESTAR,EQ,08-Jul-2024,799.1,800.0,804.15,768.4,782.5,783.3,780.25,318531,248534518.05,25449,171645.0,53.89
FIVESTAR,EQ,05-Jul-2024,805.4,806.0,813.5,793.1,802.65,799.1,802.58,195874,157204799.0,12284,104426.0,53.31
FIVESTAR,EQ,04-Jul-2024,826.6,825.85,826.6,800.0,806.55,805.4,808.43,298346,241191814.05,19396,128249.0,42.99
FIVESTAR,EQ,03-Jul-2024,828.35,830.0,839.3,819.05,824.0,826.6,827.72,180109,149079665.0,16434,103594.0,57.52
FIVESTAR,EQ,02-Jul-2024,822.6,826.0,839.95,817.9,829.85,828.35,829.44,428172,355142934.5,24593,248948.0,58.14
FIVESTAR,EQ,01-Jul-2024,793.25,808.8,827.2,796.8,820.0,822.6,817.93,425800,348275784.4,28330,191578.0,44.99
FIVESTAR,EQ,28-Jun-2024,792.9,792.9,798.95,784.5,791.7,793.25,792.44,235416,186552160.95,17541,85492.0,36.32
FIVESTAR,EQ,27-Jun-2024,804.9,806.5,824.5,782.65,790.0,792.9,804.26,317831,255619414.95,17985,192867.0,60.68
FIVESTAR,EQ,26-Jun-2024,794.1,794.0,808.8,779.55,801.0,804.9,792.85,237921,188634944.4,19587,135277.0,56.86
FIVESTAR,EQ,25-Jun-2024,799.4,800.1,805.35,789.8,796.8,794.1,796.05,157215,125151144.65,11635,80671.0,51.31
FIVESTAR,EQ,24-Jun-2024,823.15,824.5,824.5,794.45,801.0,799.4,807.82,187554,151509372.15,18585,111662.0,59.54
FIVESTAR,EQ,21-Jun-2024,821.55,830.2,837.9,814.0,820.0,823.15,826.06,233737,193081705.0,12020,130089.0,55.66
FIVESTAR,EQ,20-Jun-2024,813.9,816.0,834.0,805.25,821.45,821.55,820.62,342042,280686659.35,20759,188363.0,55.07
FIVESTAR,EQ,19-Jun-2024,803.95,805.95,823.85,801.0,815.0,813.9,815.61,454254,370492822.6,23710,244559.0,53.84
FIVESTAR,EQ,18-Jun-2024,809.9,822.5,831.9,796.3,810.0,803.95,806.08,384732,310124289.6,14549,245806.0,63.89
FIVESTAR,EQ,14-Jun-2024,797.05,797.05,823.7,797.05,805.0,809.9,812.7,550842,447670755.45,23544,320966.0,58.27
FIVESTAR,EQ,13-Jun-2024,796.3,797.0,822.95,792.2,799.0,797.05,803.66,468695,376670535.95,25672,279690.0,59.67
FIVESTAR,EQ,12-Jun-2024,796.85,796.85,803.2,790.95,798.0,796.3,797.54,225547,179882055.2,24663,132378.0,58.69
FIVESTAR,EQ,11-Jun-2024,812.15,812.4,824.2,791.95,797.0,796.85,806.91,477694,385455335.85,26189,323780.0,67.78
FIVESTAR,EQ,10-Jun-2024,791.1,791.1,822.75,791.1,810.0,812.15,810.95,619078,502040497.6,28035,303924.0,49.09
FIVESTAR,EQ,07-Jun-2024,772.25,788.0,862.75,785.0,794.5,791.1,823.16,3600238,2963573941.3,124704,608836.0,16.91
FIVESTAR,EQ,06-Jun-2024,740.35,741.9,775.3,741.9,775.0,772.25,772.11,397433,306861155.45,22194,242986.0,61.14
FIVESTAR,EQ,05-Jun-2024,740.6,759.0,760.0,725.55,736.0,740.35,744.14,250128,186130019.75,13378,119858.0,47.92
FIVESTAR,EQ,04-Jun-2024,748.6,740.05,776.5,714.7,740.0,740.6,752.91,1502752,1131432633.9,104371,622419.0,41.42
FIVESTAR,EQ,03-Jun-2024,757.05,772.0,780.0,735.75,748.0,748.6,757.46,493021,373445279.9,38278,211954.0,42.99
FIVESTAR,EQ,31-May-2024,710.95,720.0,772.0,713.0,756.5,757.05,757.26,2606952,1974140396.3,92689,508428.0,19.50
FIVESTAR,EQ,30-May-2024,713.95,713.95,722.3,704.05,711.35,710.95,713.4,162753,116107472.6,12144,72716.0,44.68
FIVESTAR,EQ,29-May-2024,699.55,697.1,717.7,690.55,714.0,713.95,710.75,160262,113905516.1,10868,71294.0,44.49
FIVESTAR,EQ,28-May-2024,704.05,706.1,706.1,692.2,700.9,699.55,698.85,254203,177650990.35,18580,178636.0,70.27
FIVESTAR,EQ,27-May-2024,703.9,705.05,714.75,701.0,705.75,704.05,706.79,134018,94722200.55,10391,78969.0,58.92
FIVESTAR,EQ,24-May-2024,719.4,720.05,721.7,702.0,705.65,703.9,708.03,299257,211881775.7,16311,232580.0,77.72
FIVESTAR,EQ,23-May-2024,727.4,734.6,735.55,717.5,719.85,719.4,721.59,182378,131601464.45,10850,138224.0,75.79
FIVESTAR,EQ,22-May-2024,731.35,738.95,738.95,720.7,728.0,727.4,725.29,315548,228863282.75,19497,231862.0,73.48
FIVESTAR,EQ,21-May-2024,740.6,745.0,745.0,728.05,731.85,731.35,732.1,175042,128148310.75,14945,113059.0,64.59
FIVESTAR,EQ,18-May-2024,739.25,751.0,751.0,738.05,741.8,740.6,741.78,12847,9529654.95,1150,8099.0,63.04
FIVESTAR,EQ,17-May-2024,741.8,754.95,754.95,735.0,738.0,739.25,739.77,158883,117537581.8,13654,69085.0,43.48
FIVESTAR,EQ,16-May-2024,767.85,760.9,763.8,738.6,743.4,741.8,746.44,423352,316008714.85,32151,205877.0,48.63
FIVESTAR,EQ,15-May-2024,748.1,756.05,770.5,742.85,764.25,767.85,760.92,227315,172967456.2,15186,123663.0,54.40
FIVESTAR,EQ,14-May-2024,722.0,722.0,753.9,721.0,745.0,748.1,739.61,313077,231556070.7,24717,161574.0,51.61
FIVESTAR,EQ,13-May-2024,728.85,732.8,749.6,715.2,722.8,722.0,734.51,677946,497955041.2,38839,426513.0,62.91
FIVESTAR,EQ,10-May-2024,717.7,726.0,733.0,706.55,732.0,728.85,722.44,255177,184350244.0,21223,114814.0,44.99
FIVESTAR,EQ,09-May-2024,750.05,751.0,758.7,710.0,729.0,717.7,742.12,432037,320622051.55,23323,281860.0,65.24
FIVESTAR,EQ,08-May-2024,771.4,775.0,775.8,741.2,750.55,750.05,753.47,787588,593423022.6,12292,699078.0,88.76
FIVESTAR,EQ,07-May-2024,781.15,780.55,783.75,751.1,765.1,771.4,766.29,488835,374591604.5,24216,330746.0,67.66
FIVESTAR,EQ,06-May-2024,774.7,780.2,790.0,766.05,780.55,781.15,782.29,814511,637187586.65,40857,381928.0,46.89
FIVESTAR,EQ,03-May-2024,738.2,750.0,778.9,745.0,773.0,774.7,772.77,2283371,1764517118.2,66180,1013541.0,44.39
FIVESTAR,EQ,02-May-2024,758.3,775.0,775.0,732.0,741.7,738.2,750.36,1490308,1118261292.45,75735,869447.0,58.34
FIVESTAR,EQ,30-Apr-2024,729.2,729.2,771.95,720.15,753.05,758.3,757.81,1517714,1150137879.7,66563,607935.0,40.06
FIVESTAR,EQ,29-Apr-2024,741.05,739.05,739.95,716.4,728.6,729.2,725.69,235466,170874884.7,17829,115717.0,49.14
FIVESTAR,EQ,26-Apr-2024,699.65,699.65,778.0,699.5,727.0,741.05,722.87,1339287,968134162.95,54240,861851.0,64.35
FIVESTAR,EQ,25-Apr-2024,692.3,691.25,702.0,686.8,698.95,699.65,698.49,89866,62770582.7,10187,59650.0,66.38
FIVESTAR,EQ,24-Apr-2024,680.55,687.3,700.8,681.0,688.0,692.3,692.31,132078,91439099.9,13560,61170.0,46.31
FIVESTAR,EQ,23-Apr-2024,693.7,698.5,699.0,677.2,682.9,680.55,680.77,347626,236653526.85,25805,227920.0,65.56
FIVESTAR,EQ,22-Apr-2024,691.85,692.2,705.95,688.2,693.0,693.7,695.27,214846,149376997.8,18360,134195.0,62.46
FIVESTAR,EQ,19-Apr-2024,688.9,684.0,699.0,676.55,689.0,691.85,687.97,153514,105613232.2,17167,58636.0,38.20
FIVESTAR,EQ,18-Apr-2024,696.75,696.95,704.95,684.25,687.55,688.9,689.73,327505,225890342.6,20695,202627.0,61.87
FIVESTAR,EQ,16-Apr-2024,703.75,703.75,708.9,694.0,694.2,696.75,701.61,321330,225447885.6,18362,190077.0,59.15
FIVESTAR,EQ,15-Apr-2024,729.5,715.0,716.95,697.05,703.6,703.75,705.37,193066,136183855.7,16566,100844.0,52.23
FIVESTAR,EQ,12-Apr-2024,723.8,728.0,733.9,705.35,720.1,729.5,719.53,329005,236727657.05,18879,162056.0,49.26
FIVESTAR,EQ,10-Apr-2024,740.4,741.0,748.35,722.25,724.2,723.8,733.19,149208,109398056.15,9994,68447.0,45.87
FIVESTAR,EQ,09-Apr-2024,760.5,767.35,769.95,735.05,748.0,740.4,751.96,6053672,4552124231.35,20990,5751742.0,95.01
FIVESTAR,EQ,08-Apr-2024,758.7,762.95,774.85,756.2,761.4,760.5,766.68,165957,127235105.4,10454,74759.0,45.05
FIVESTAR,EQ,05-Apr-2024,753.45,741.3,760.95,741.0,760.9,758.7,754.05,141901,106999819.25,12060,80629.0,56.82
FIVESTAR,EQ,04-Apr-2024,742.55,752.8,767.2,742.3,756.0,753.45,753.95,265551,200213262.65,19473,158672.0,59.75
FIVESTAR,EQ,03-Apr-2024,746.4,747.2,754.6,735.15,744.7,742.55,745.18,84255,62785362.05,6155,45001.0,53.41
FIVESTAR,EQ,02-Apr-2024,738.65,750.0,762.0,733.5,747.0,746.4,757.68,810384,614010688.25,12201,672625.0,83.00
FIVESTAR,EQ,01-Apr-2024,719.45,722.9,742.5,718.85,740.0,738.65,724.18,1398399,1012690716.95,21456,1220277.0,87.26
FIVESTAR,EQ,28-Mar-2024,729.85,733.25,737.05,711.85,720.35,719.45,731.15,1466430,1072179866.3,17037,1365865.0,93.14
FIVESTAR,EQ,27-Mar-2024,697.75,702.9,737.7,700.85,733.2,729.85,716.73,719184,515461164.85,21062,533516.0,74.18
FIVESTAR,EQ,26-Mar-2024,715.75,714.15,717.2,693.0,703.0,697.75,701.61,770246,540415907.3,34469,504424.0,65.49
FIVESTAR,EQ,22-Mar-2024,699.65,697.05,720.0,694.0,710.0,715.75,703.25,861786,606047071.4,12475,767046.0,89.01
FIVESTAR,EQ,21-Mar-2024,679.05,680.0,706.0,679.05,696.0,699.65,695.98,353119,245763274.5,20245,225379.0,63.83
FIVESTAR,EQ,20-Mar-2024,652.4,659.2,693.95,646.0,680.0,679.05,665.39,954704,635247129.1,38169,599978.0,62.84
FIVESTAR,EQ,19-Mar-2024,642.85,642.9,657.45,633.15,648.0,652.4,638.51,448710,286505801.9,28401,172909.0,38.53
FIVESTAR,EQ,18-Mar-2024,617.1,615.0,649.0,614.0,641.0,642.85,641.66,484692,311006499.25,33537,277610.0,57.28
FIVESTAR,EQ,15-Mar-2024,625.95,629.0,641.15,610.55,622.0,617.1,622.79,355703,221527395.0,29472,196609.0,55.27
FIVESTAR,EQ,14-Mar-2024,609.9,609.9,633.0,600.05,625.0,625.95,616.83,520720,321193704.65,44547,274552.0,52.73
FIVESTAR,EQ,13-Mar-2024,652.95,654.0,663.75,606.2,610.0,609.9,625.19,333775,208673195.9,28946,166649.0,49.93
FIVESTAR,EQ,12-Mar-2024,666.3,669.6,673.95,649.35,653.9,652.95,661.35,325436,215226461.3,17137,223706.0,68.74
FIVESTAR,EQ,11-Mar-2024,664.8,673.95,697.1,661.0,669.0,666.3,674.05,862161,581141719.25,49025,503634.0,58.42
FIVESTAR,EQ,07-Mar-2024,659.05,662.05,681.6,653.3,674.9,664.8,667.7,652929,435961371.3,30818,486248.0,74.47
FIVESTAR,EQ,06-Mar-2024,672.2,672.2,681.6,652.15,664.95,659.05,666.49,912981,608495247.2,44444,689833.0,75.56
FIVESTAR,EQ,05-Mar-2024,683.7,688.75,691.65,669.05,675.0,672.2,680.38,771372,524823055.45,25727,586093.0,75.98
FIVESTAR,EQ,04-Mar-2024,710.0,711.45,711.9,681.0,686.0,683.7,690.59,429734,296770707.15,32888,315318.0,73.38
FIVESTAR,EQ,02-Mar-2024,704.6,710.0,717.0,704.05,714.0,710.0,709.18,11574,8207994.4,850,8574.0,74.08
FIVESTAR,EQ,01-Mar-2024,706.3,705.0,718.7,700.2,705.0,704.6,707.34,400197,283077145.05,21139,292489.0,73.09
FIVESTAR,EQ,29-Feb-2024,709.35,709.0,717.6,697.5,705.9,706.3,706.16,852527,602021999.9,27295,568542.0,66.69
FIVESTAR,EQ,28-Feb-2024,721.65,722.9,722.9,704.55,708.5,709.35,710.53,261111,185526214.25,17469,199290.0,76.32
FIVESTAR,EQ,27-Feb-2024,720.65,721.85,728.9,701.1,716.95,721.65,712.81,555964,396296641.75,32179,405068.0,72.86
FIVESTAR,EQ,26-Feb-2024,720.6,720.6,726.15,715.65,720.05,720.65,720.02,199736,143813330.85,19080,140518.0,70.35
FIVESTAR,EQ,23-Feb-2024,721.75,724.9,725.0,711.0,719.5,720.6,718.67,104254,74924308.8,10143,53352.0,51.18
FIVESTAR,EQ,22-Feb-2024,716.7,717.4,727.0,710.95,718.3,721.75,719.15,164659,118414579.85,14518,93375.0,56.71
FIVESTAR,EQ,21-Feb-2024,718.35,725.0,727.2,712.25,715.0,716.7,716.42,212376,152150586.05,18348,103270.0,48.63
FIVESTAR,EQ,20-Feb-2024,738.8,740.05,742.5,714.05,720.75,718.35,726.11,299423,217414557.9,25484,147624.0,49.30
FIVESTAR,EQ,19-Feb-2024,769.15,771.95,772.0,736.1,739.5,738.8,744.16,316087,235220272.9,28310,165393.0,52.33
FIVESTAR,EQ,16-Feb-2024,766.9,769.5,784.75,763.6,771.85,769.15,775.04,333572,258533235.75,25441,217730.0,65.27
FIVESTAR,EQ,15-Feb-2024,747.45,751.2,779.75,750.7,762.5,766.9,767.79,228764,175641722.0,32481,78195.0,34.18
FIVESTAR,EQ,14-Feb-2024,758.8,750.0,767.0,740.2,745.05,747.45,747.69,754508,564137025.45,38350,597853.0,79.24
FIVESTAR,EQ,13-Feb-2024,745.85,741.0,765.5,727.95,765.0,758.8,749.1,303251,227165912.1,31177,125181.0,41.28
FIVESTAR,EQ,12-Feb-2024,775.45,776.25,780.0,730.2,735.05,745.85,762.5,274932,209634657.1,20207,168613.0,61.33
FIVESTAR,EQ,09-Feb-2024,768.45,765.65,781.0,765.0,771.2,775.45,775.73,481404,373440857.1,24915,339697.0,70.56
FIVESTAR,EQ,08-Feb-2024,771.65,773.65,783.05,761.05,768.7,768.45,777.08,646652,502503151.55,27062,522903.0,80.86
FIVESTAR,EQ,07-Feb-2024,779.45,780.0,785.7,763.65,771.05,771.65,781.24,524728,409936271.4,23244,421386.0,80.31
FIVESTAR,EQ,06-Feb-2024,776.05,780.25,785.0,770.25,780.0,779.45,778.72,740210,576413843.25,24413,611661.0,82.63
FIVESTAR,EQ,05-Feb-2024,775.55,784.9,787.75,769.65,780.0,776.05,778.71,557484,434120699.05,26759,369116.0,66.21
FIVESTAR,EQ,02-Feb-2024,757.1,767.9,781.95,755.65,775.0,775.55,772.77,360066,278247077.35,20416,150674.0,41.85
FIVESTAR,EQ,01-Feb-2024,761.8,765.6,774.0,750.15,760.0,757.1,761.57,349027,265809458.45,28321,155077.0,44.43
FIVESTAR,EQ,31-Jan-2024,758.85,756.0,783.2,753.05,780.0,761.8,765.54,533589,408482123.1,41213,336165.0,63.00
FIVESTAR,EQ,30-Jan-2024,754.35,754.4,764.8,749.0,753.25,758.85,757.66,225128,170569613.45,19403,129734.0,57.63
FIVESTAR,EQ,29-Jan-2024,749.85,753.6,764.0,746.95,756.8,754.35,753.78,192152,144839546.75,17831,103177.0,53.70
FIVESTAR,EQ,25-Jan-2024,737.95,737.0,755.0,730.0,750.45,749.85,742.16,419862,311605254.25,17132,299700.0,71.38
FIVESTAR,EQ,24-Jan-2024,756.15,758.55,760.05,721.1,736.5,737.95,737.89,222700,164327333.5,26537,128150.0,57.54
FIVESTAR,EQ,23-Jan-2024,751.35,753.4,765.0,742.3,754.0,756.15,754.55,618686,466832116.3,29118,385636.0,62.33
FIVESTAR,EQ,20-Jan-2024,769.4,769.4,769.4,750.0,750.0,751.35,755.58,64147,48467947.55,5440,31614.0,49.28
FIVESTAR,EQ,19-Jan-2024,749.9,753.6,774.05,752.2,769.5,769.4,766.45,383629,294031832.15,34996,222785.0,58.07
FIVESTAR,EQ,18-Jan-2024,730.1,728.0,753.95,726.55,751.65,749.9,744.02,413556,307695880.0,25280,249758.0,60.39
FIVESTAR,EQ,17-Jan-2024,742.4,735.2,739.0,725.5,730.1,730.1,730.35,301088,219900291.35,21329,216230.0,71.82
FIVESTAR,EQ,16-Jan-2024,733.9,732.1,747.6,730.5,738.0,742.4,742.16,301542,223793576.75,15778,204530.0,67.83
FIVESTAR,EQ,15-Jan-2024,732.45,736.1,738.9,725.1,736.35,733.9,732.64,179705,131659117.9,16367,116366.0,64.75
FIVESTAR,EQ,12-Jan-2024,744.85,746.0,748.95,730.0,734.0,732.45,735.52,192998,141954454.1,15106,118963.0,61.64
FIVESTAR,EQ,11-Jan-2024,725.55,729.0,748.8,724.95,741.95,744.85,735.32,842772,619708680.8,24128,690661.0,81.95
FIVESTAR,EQ,10-Jan-2024,730.7,729.0,729.9,722.0,726.5,725.55,725.19,179455,130139641.45,11397,135304.0,75.40
FIVESTAR,EQ,09-Jan-2024,722.1,725.45,733.0,723.0,731.95,730.7,729.27,280105,204271675.75,13841,200506.0,71.58
FIVESTAR,EQ,08-Jan-2024,733.95,734.4,734.4,715.0,724.0,722.1,724.16,360698,261201652.35,24089,266601.0,73.91
FIVESTAR,EQ,05-Jan-2024,722.55,726.0,735.8,725.0,733.0,733.95,730.53,184113,134500786.45,12832,106364.0,57.77
FIVESTAR,EQ,04-Jan-2024,723.7,727.9,735.0,715.0,723.8,722.55,727.7,199800,145394118.1,17165,123353.0,61.74
FIVESTAR,EQ,03-Jan-2024,725.3,722.05,725.35,705.1,725.0,723.7,718.96,306414,220300747.3,31558,163990.0,53.52
FIVESTAR,EQ,02-Jan-2024,734.7,737.1,738.0,722.2,725.0,725.3,730.03,268560,196056712.35,17335,166184.0,61.88
FIVESTAR,EQ,01-Jan-2024,734.9,740.0,741.5,729.25,737.0,734.7,734.08,145695,106952355.1,10788,77299.0,53.06
FIVESTAR,EQ,29-Dec-2023,727.1,732.0,736.2,726.05,735.6,734.9,732.1,309011,226227563.35,13970,201125.0,65.09
FIVESTAR,EQ,26-Dec-2025,558.4,560.4,561.85,551.3,552.25,552.7,554.29,383723,212694684.4,11298,199256.0,51.93
FIVESTAR,EQ,24-Dec-2025,563.85,561.0,564.45,557.0,558.7,558.4,560.3,521376,292126745.1,17535,260609.0,49.98
FIVESTAR,EQ,23-Dec-2025,560.75,565.0,577.7,558.35,561.5,563.85,567.48,1304476,740270481.35,35875,557575.0,42.74
FIVESTAR,EQ,22-Dec-2025,569.9,575.05,577.9,551.15,560.15,560.75,560.99,1388633,779013809.1,33791,722521.0,52.03
FIVESTAR,EQ,19-Dec-2025,590.05,587.9,590.0,568.35,570.3,569.9,576.91,813666,469415714.6,24303,433821.0,53.32
FIVESTAR,EQ,18-Dec-2025,589.95,589.95,594.8,585.45,590.4,590.05,589.91,407917,240633905.55,16028,231697.0,56.80
FIVESTAR,EQ,17-Dec-2025,591.55,590.0,593.95,577.4,590.2,589.95,587.66,1074425,631394177.05,39128,512459.0,47.70
FIVESTAR,EQ,16-Dec-2025,575.15,573.0,606.9,570.1,590.0,591.55,593.62,4366164,2591855538.75,116419,1463851.0,33.53
FIVESTAR,EQ,15-Dec-2025,567.1,566.8,582.8,564.2,574.6,575.15,574.85,1221817,702356626.8,35259,824501.0,67.48
FIVESTAR,EQ,12-Dec-2025,567.7,567.75,569.3,560.35,568.0,567.1,564.77,961184,542852105.3,22142,631798.0,65.73
FIVESTAR,EQ,11-Dec-2025,565.8,565.8,570.0,556.7,569.0,567.7,561.03,565833,317448694.1,23837,292468.0,51.69
FIVESTAR,EQ,10-Dec-2025,578.4,576.85,581.2,561.2,565.05,565.8,569.62,1278729,728389281.9,29878,784458.0,61.35
FIVESTAR,EQ,09-Dec-2025,572.3,570.0,582.3,561.4,577.55,578.4,571.26,596896,340985707.65,20626,292990.0,49.09
FIVESTAR,EQ,08-Dec-2025,580.65,582.05,586.7,568.8,573.0,572.3,574.01,499933,286968496.0,23590,239954.0,48.00
FIVESTAR,EQ,05-Dec-2025,589.95,589.95,590.05,565.7,581.0,580.65,577.54,1201485,693910739.75,41210,518153.0,43.13
FIVESTAR,EQ,04-Dec-2025,573.45,573.0,596.0,566.5,591.0,589.95,584.08,2163890,1263878590.2,41662,1077395.0,49.79
FIVESTAR,EQ,03-Dec-2025,584.25,586.3,587.35,569.7,573.0,573.45,572.86,862376,494020536.3,26809,445061.0,51.61
FIVESTAR,EQ,02-Dec-2025,585.95,588.1,588.5,579.1,584.0,584.25,583.41,379598,221462613.8,13331,140923.0,37.12
FIVESTAR,EQ,01-Dec-2025,590.9,593.0,598.05,582.15,586.95,585.95,588.17,921296,541878044.95,17830,537935.0,58.39
FIVESTAR,EQ,28-Nov-2025,589.7,592.0,624.4,587.35,589.45,590.9,606.06,7319278,4435914953.7,151195,1095531.0,14.97
FIVESTAR,EQ,27-Nov-2025,605.0,605.0,605.2,587.0,592.0,589.7,592.0,1977048,1170416706.8,41783,1427590.0,72.21
FIVESTAR,EQ,26-Nov-2025,605.95,605.05,617.6,602.5,604.0,605.0,607.34,973062,590979136.3,31602,574207.0,59.01
FIVESTAR,EQ,25-Nov-2025,615.45,614.6,614.6,597.5,602.2,605.95,604.19,827644,500055405.65,27593,265515.0,32.08
FIVESTAR,EQ,24-Nov-2025,619.4,622.4,634.85,610.2,611.2,615.45,622.64,2318513,1443596775.95,47789,907723.0,39.15
FIVESTAR,EQ,21-Nov-2025,593.5,593.5,623.0,583.25,619.0,619.4,609.82,4342518,2648160666.85,94946,611896.0,14.09
FIVESTAR,EQ,20-Nov-2025,609.7,609.35,610.6,590.95,594.65,593.5,599.64,719468,431421470.15,23921,396321.0,55.09
FIVESTAR,EQ,19-Nov-2025,623.95,627.5,628.9,605.55,606.0,609.7,612.98,753644,461968292.85,27407,413359.0,54.85
FIVESTAR,EQ,18-Nov-2025,631.7,636.25,636.35,621.3,622.4,623.95,624.8,702712,439052267.45,27705,431964.0,61.47
FIVESTAR,EQ,17-Nov-2025,643.9,645.2,647.0,627.05,634.0,631.7,633.34,856453,542423138.5,33377,426676.0,49.82
FIVESTAR,EQ,14-Nov-2025,642.35,639.15,652.5,636.1,641.85,643.9,647.14,898586,581513916.65,21975,331547.0,36.90
FIVESTAR,EQ,13-Nov-2025,615.0,617.0,646.9,615.95,641.0,642.35,636.86,1941026,1236158945.0,48036,464811.0,23.95
FIVESTAR,EQ,12-Nov-2025,625.25,625.3,626.4,608.7,615.8,615.0,617.26,1065845,657908669.25,25448,419048.0,39.32
FIVESTAR,EQ,11-Nov-2025,634.3,640.0,642.6,622.3,622.65,625.25,627.67,424176,266241460.45,12842,145288.0,34.25
FIVESTAR,EQ,10-Nov-2025,646.1,646.1,646.7,631.0,632.95,634.3,635.84,654707,416286927.4,19335,214485.0,32.76
FIVESTAR,EQ,07-Nov-2025,624.3,620.0,656.75,617.15,642.3,646.1,646.27,3066914,1982061984.0,77831,668237.0,21.79
FIVESTAR,EQ,06-Nov-2025,649.2,645.05,645.1,617.0,622.2,624.3,627.42,1854511,1163566016.55,47405,659703.0,35.57
FIVESTAR,EQ,04-Nov-2025,660.0,655.0,657.7,633.5,651.0,649.2,646.64,1830100,1183421917.4,42741,381446.0,20.84
FIVESTAR,EQ,03-Nov-2025,652.75,640.0,664.5,640.0,660.0,660.0,655.33,2326067,1524340773.25,48296,480384.0,20.65
FIVESTAR,EQ,31-Oct-2025,642.75,630.0,666.0,618.3,651.1,652.75,651.19,15831741,10309422176.65,249204,1805043.0,11.40
FIVESTAR,EQ,30-Oct-2025,605.05,606.0,659.9,606.0,637.0,642.75,641.76,33255155,21341792333.15,523897,6002471.0,18.05
FIVESTAR,EQ,29-Oct-2025,537.05,539.0,621.65,528.25,608.1,605.05,587.86,18706743,10996969092.65,354435,4551738.0,24.33
FIVESTAR,EQ,28-Oct-2025,528.6,529.95,543.95,527.25,537.05,537.05,535.59,947922,507696311.45,24472,478096.0,50.44
FIVESTAR,EQ,27-Oct-2025,537.0,540.0,540.0,525.5,528.95,528.6,532.34,587800,312908892.95,14894,367012.0,62.44
FIVESTAR,EQ,24-Oct-2025,536.95,536.95,541.0,532.15,535.5,537.0,536.99,442845,237804912.7,13025,244560.0,55.22
FIVESTAR,EQ,23-Oct-2025,535.95,540.0,542.0,531.0,535.0,536.95,538.83,1136735,612506073.55,19320,784172.0,68.98
FIVESTAR,EQ,21-Oct-2025,531.65,534.3,538.6,531.0,535.8,535.95,535.7,124426,66655050.7,3775,66846.0,53.72
FIVESTAR,EQ,20-Oct-2025,527.6,529.9,544.0,524.75,530.45,531.65,534.04,1090233,582222905.6,23637,568990.0,52.19
FIVESTAR,EQ,17-Oct-2025,533.4,533.95,534.45,522.0,528.0,527.6,526.24,481863,253576106.45,17181,200434.0,41.60
FIVESTAR,EQ,16-Oct-2025,528.55,535.0,536.2,528.55,533.0,533.4,532.15,559765,297879242.0,11983,364711.0,65.15
FIVESTAR,EQ,15-Oct-2025,514.9,517.85,533.4,517.85,530.0,528.55,527.43,1283295,676846027.8,31567,735627.0,57.32
FIVESTAR,EQ,14-Oct-2025,524.4,527.0,528.2,513.5,514.0,514.9,517.98,376505,195023892.8,12670,211316.0,56.13
FIVESTAR,EQ,13-Oct-2025,528.5,522.25,529.95,520.5,523.7,524.4,525.22,373258,196041617.95,13651,176550.0,47.30
FIVESTAR,EQ,10-Oct-2025,524.35,526.9,530.95,522.0,526.15,528.5,527.68,544948,287555929.3,15446,244493.0,44.87
FIVESTAR,EQ,09-Oct-2025,524.0,525.6,526.4,513.3,524.95,524.35,521.1,686586,357781724.05,25046,378360.0,55.11
FIVESTAR,EQ,08-Oct-2025,532.6,536.5,536.5,521.7,522.5,524.0,526.08,373448,196463268.95,13849,187415.0,50.19
FIVESTAR,EQ,07-Oct-2025,536.45,537.3,538.05,530.9,532.0,532.6,534.93,272315,145670213.65,10648,154330.0,56.67
FIVESTAR,EQ,06-Oct-2025,533.95,536.9,541.0,532.25,535.4,536.45,537.15,1000239,537273683.9,18021,695025.0,69.49
FIVESTAR,EQ,03-Oct-2025,536.0,536.1,537.55,527.0,532.0,533.95,532.65,548412,292109314.55,15345,260186.0,47.44
FIVESTAR,EQ,01-Oct-2025,536.6,536.6,545.0,531.45,534.05,536.0,536.63,782410,419861741.55,23724,287649.0,36.76
FIVESTAR,EQ,30-Sep-2025,515.8,517.05,544.0,512.95,537.0,536.6,533.1,4237043,2258778429.05,77322,989735.0,23.36
FIVESTAR,EQ,29-Sep-2025,510.25,512.85,520.5,501.0,520.0,515.8,511.71,1281458,655730396.1,30424,682164.0,53.23
FIVESTAR,EQ,26-Sep-2025,519.95,521.4,523.95,507.2,510.85,510.25,514.53,1210327,622750225.4,24434,792583.0,65.49
FIVESTAR,EQ,25-Sep-2025,522.6,525.2,525.65,515.5,520.15,519.95,519.31,999361,518981741.45,20346,578781.0,57.92
FIVESTAR,EQ,24-Sep-2025,522.85,523.05,547.0,521.15,523.0,522.6,531.14,3004127,1595624902.9,75717,845441.0,28.14
FIVESTAR,EQ,23-Sep-2025,535.65,539.0,539.0,521.1,524.0,522.85,526.23,918828,483512327.05,31548,487277.0,53.03
FIVESTAR,EQ,22-Sep-2025,537.8,537.8,547.0,534.3,535.3,535.65,537.07,1865411,1001849298.65,48325,1206736.0,64.69
FIVESTAR,EQ,19-Sep-2025,539.2,539.4,543.3,534.5,538.75,537.8,536.81,1249033,670487958.0,20489,880003.0,70.45
FIVESTAR,EQ,18-Sep-2025,542.7,546.9,548.1,534.35,538.8,539.2,540.09,682429,368574426.55,18712,384782.0,56.38
FIVESTAR,EQ,17-Sep-2025,544.45,547.2,569.0,541.25,544.2,542.7,554.86,2416567,1340860060.7,58570,1129203.0,46.73
FIVESTAR,EQ,16-Sep-2025,541.2,541.5,547.9,539.15,544.9,544.45,543.55,386188,209912782.25,16867,211841.0,54.85
FIVESTAR,EQ,15-Sep-2025,540.5,544.5,544.5,535.5,542.5,541.2,540.73,414825,224310065.0,15521,220435.0,53.14
FIVESTAR,EQ,12-Sep-2025,530.0,533.9,548.6,529.1,540.0,540.5,538.82,1154926,622292191.75,31892,488302.0,42.28
FIVESTAR,EQ,11-Sep-2025,535.3,540.5,546.55,529.1,529.95,530.0,534.22,1354384,723537964.5,24969,880103.0,64.98
FIVESTAR,EQ,10-Sep-2025,529.85,533.45,539.9,528.3,536.55,535.3,534.38,675011,360714536.45,21213,449945.0,66.66
FIVESTAR,EQ,09-Sep-2025,532.4,536.7,536.85,528.7,530.9,529.85,531.41,1152957,612695878.15,15583,940280.0,81.55
FIVESTAR,EQ,08-Sep-2025,532.35,534.85,544.5,531.1,534.8,532.4,535.39,1837309,983678397.8,31784,1321255.0,71.91
FIVESTAR,EQ,05-Sep-2025,526.65,527.5,537.4,524.0,532.3,532.35,528.98,805886,426297031.4,21275,497139.0,61.69
FIVESTAR,EQ,04-Sep-2025,533.2,541.95,541.95,525.4,527.1,526.65,532.05,505395,268893494.65,19498,266943.0,52.82
FIVESTAR,EQ,03-Sep-2025,526.95,530.85,541.0,527.2,533.7,533.2,533.53,2687655,1433934892.15,47643,1960712.0,72.95
FIVESTAR,EQ,02-Sep-2025,549.2,555.55,555.55,522.0,529.0,526.95,530.54,4440781,2356029795.4,82640,3216583.0,72.43
FIVESTAR,EQ,01-Sep-2025,545.05,550.5,552.65,542.15,552.0,549.2,547.39,349918,191542960.3,21800,193174.0,55.21
FIVESTAR,EQ,29-Aug-2025,552.75,551.05,553.85,542.7,549.0,545.05,547.9,932926,511153472.25,25007,677110.0,72.58
FIVESTAR,EQ,28-Aug-2025,562.7,564.8,564.8,550.1,553.5,552.75,553.67,699469,387272749.7,32945,398208.0,56.93
FIVESTAR,EQ,26-Aug-2025,576.5,578.15,578.75,559.5,561.0,562.7,566.79,478833,271399434.9,26311,283499.0,59.21
FIVESTAR,EQ,25-Aug-2025,588.75,588.95,591.0,574.25,576.9,576.5,580.05,1492382,865650256.7,14512,1260677.0,84.47
FIVESTAR,EQ,22-Aug-2025,584.1,586.5,590.35,579.15,588.0,588.75,583.43,430007,250879594.75,17802,246478.0,57.32
FIVESTAR,EQ,21-Aug-2025,581.2,583.0,589.75,578.0,585.3,584.1,583.7,447425,261161542.7,18214,240146.0,53.67
FIVESTAR,EQ,20-Aug-2025,588.25,591.95,592.5,578.05,580.1,581.2,581.0,750757,436187993.9,25216,469690.0,62.56
FIVESTAR,EQ,19-Aug-2025,597.1,600.2,602.0,585.35,587.7,588.25,589.12,1067471,628867911.8,22887,818922.0,76.72
FIVESTAR,EQ,18-Aug-2025,585.7,589.4,601.8,589.05,597.25,597.1,594.93,412483,245400074.85,21749,235341.0,57.05
FIVESTAR,EQ,14-Aug-2025,579.05,580.0,590.0,577.2,583.2,585.7,581.63,524947,305326899.3,13441,409765.0,78.06
FIVESTAR,EQ,13-Aug-2025,571.95,572.0,584.0,571.95,579.7,579.05,579.4,249918,144803689.95,16627,122817.0,49.14
FIVESTAR,EQ,12-Aug-2025,576.85,579.0,582.0,571.0,572.0,571.95,573.54,503800,288947795.2,23647,328743.0,65.25
FIVESTAR,EQ,11-Aug-2025,580.25,581.9,584.4,571.6,576.7,576.85,575.88,320207,184400174.85,17470,159765.0,49.89
FIVESTAR,EQ,08-Aug-2025,584.45,585.2,592.45,575.0,582.0,580.25,584.61,522581,305504315.0,26344,276371.0,52.89
FIVESTAR,EQ,07-Aug-2025,583.15,583.45,590.45,570.0,587.0,584.45,580.39,1451353,842353418.75,58387,835758.0,57.58
FIVESTAR,EQ,06-Aug-2025,602.3,607.55,607.55,582.0,582.0,583.15,586.87,769062,451342583.65,37971,378242.0,49.18
FIVESTAR,EQ,05-Aug-2025,604.9,606.0,608.15,597.05,601.95,602.3,600.7,504292,302926371.6,17999,341524.0,67.72
FIVESTAR,EQ,04-Aug-2025,598.25,604.0,609.9,595.15,605.0,604.9,602.05,1410335,849097377.85,37741,1040746.0,73.79
FIVESTAR,EQ,01-Aug-2025,593.8,598.7,612.65,592.0,600.1,598.25,602.62,1139769,686844406.1,40483,660801.0,57.98
FIVESTAR,EQ,31-Jul-2025,610.55,610.0,620.0,592.0,593.75,593.8,605.69,1457114,882559704.8,62509,836430.0,57.40
FIVESTAR,EQ,30-Jul-2025,649.35,651.7,653.65,607.45,610.0,610.55,624.27,1822149,1137512222.2,80234,993926.0,54.55
FIVESTAR,EQ,29-Jul-2025,670.15,650.0,660.15,592.2,650.0,649.35,635.9,3588486,2281910563.5,121232,1187014.0,33.08
FIVESTAR,EQ,28-Jul-2025,690.0,692.1,695.15,667.8,674.2,670.15,678.63,568404,385735485.15,39544,337401.0,59.36
FIVESTAR,EQ,25-Jul-2025,722.1,721.6,725.5,685.55,689.0,690.0,699.57,1247048,872400648.65,57608,808991.0,64.87
FIVESTAR,EQ,24-Jul-2025,728.75,728.75,728.75,718.1,723.0,722.1,722.26,194641,140581294.4,12149,103887.0,53.37
FIVESTAR,EQ,23-Jul-2025,723.8,725.6,732.0,716.1,728.05,728.75,725.32,276137,200286401.45,20213,142691.0,51.67
FIVESTAR,EQ,22-Jul-2025,733.1,733.3,738.6,722.2,723.8,723.8,723.94,710914,514660447.3,12019,603775.0,84.93
FIVESTAR,EQ,21-Jul-2025,729.65,729.9,735.0,722.0,731.85,733.1,728.86,273870,199613833.15,14682,141882.0,51.81
FIVESTAR,EQ,18-Jul-2025,743.95,746.0,746.0,725.95,726.3,729.65,731.14,472008,345104348.55,24506,238487.0,50.53
FIVESTAR,EQ,17-Jul-2025,745.9,749.4,763.5,741.0,742.3,743.95,747.98,289745,216722953.25,13056,127528.0,44.01
FIVESTAR,EQ,16-Jul-2025,748.65,751.05,757.0,743.85,745.15,745.9,748.95,255605,191435952.6,14054,108955.0,42.63
FIVESTAR,EQ,15-Jul-2025,780.1,780.9,791.9,739.65,750.5,748.65,759.64,1350716,1026054819.9,46576,616602.0,45.65
FIVESTAR,EQ,14-Jul-2025,770.1,766.0,794.45,758.5,778.0,780.1,779.98,1226186,956403917.8,51411,667323.0,54.42
FIVESTAR,EQ,11-Jul-2025,759.15,754.6,775.0,752.0,769.9,770.1,765.95,267831,205146215.95,15720,139148.0,51.95
FIVESTAR,EQ,10-Jul-2025,746.15,749.0,766.4,743.5,758.05,759.15,756.42,437908,331242519.6,35884,200584.0,45.81
FIVESTAR,EQ,09-Jul-2025,756.45,760.75,762.35,743.45,746.5,746.15,753.11,595763,448674822.1,13572,430660.0,72.29
FIVESTAR,EQ,08-Jul-2025,776.15,775.0,784.5,751.0,755.9,756.45,770.6,2375335,1830441135.7,29475,2034984.0,85.67
FIVESTAR,EQ,07-Jul-2025,771.45,765.1,785.25,762.5,774.0,776.15,770.86,859106,662246299.9,16825,703337.0,81.87
FIVESTAR,EQ,04-Jul-2025,771.2,771.0,780.0,765.0,770.0,771.45,770.3,679096,523108275.65,10447,540810.0,79.64
FIVESTAR,EQ,03-Jul-2025,768.45,763.9,783.75,760.9,768.8,771.2,769.29,1053148,810172366.3,26248,872551.0,82.85
FIVESTAR,EQ,02-Jul-2025,763.45,770.25,789.8,758.15,762.9,768.45,767.15,1779559,1365184207.1,43007,1222146.0,68.68
FIVESTAR,EQ,01-Jul-2025,771.8,771.5,775.05,753.8,764.0,763.45,758.65,1405103,1065987862.5,27353,1155397.0,82.23
FIVESTAR,EQ,30-Jun-2025,760.5,761.0,795.0,752.0,771.85,771.8,775.94,1440577,1117801078.8,55029,373624.0,25.94
FIVESTAR,EQ,27-Jun-2025,759.1,764.8,768.0,752.0,761.0,760.5,760.76,216894,165004568.35,16020,103299.0,47.63
FIVESTAR,EQ,26-Jun-2025,753.0,759.0,765.9,748.05,756.15,759.1,758.57,465880,353402001.6,22738,211599.0,45.42
FIVESTAR,EQ,25-Jun-2025,746.95,751.1,756.0,740.0,755.0,753.0,749.35,428460,321068210.2,26052,195019.0,45.52
FIVESTAR,EQ,24-Jun-2025,731.85,740.0,752.6,722.05,745.95,746.95,738.96,618473,457025147.3,46152,287597.0,46.50
FIVESTAR,EQ,23-Jun-2025,722.2,712.65,739.45,710.6,731.0,731.85,731.19,546267,399426277.3,26077,177010.0,32.40
FIVESTAR,EQ,20-Jun-2025,744.4,741.8,753.75,709.0,715.0,722.2,727.07,1827061,1328405613.8,86413,1173414.0,64.22
FIVESTAR,EQ,19-Jun-2025,766.45,765.4,769.5,740.1,741.65,744.4,749.96,259079,194298346.25,14843,86418.0,33.36
FIVESTAR,EQ,18-Jun-2025,754.75,751.9,779.5,742.0,761.3,766.45,764.84,597804,457224251.7,32855,126824.0,21.21
FIVESTAR,EQ,17-Jun-2025,758.7,758.7,762.8,742.95,751.3,754.75,750.38,593616,445434631.4,21699,369994.0,62.33
FIVESTAR,EQ,16-Jun-2025,768.3,771.0,775.55,745.05,758.0,758.7,755.66,372910,281792762.55,22527,159348.0,42.73
FIVESTAR,EQ,13-Jun-2025,784.8,782.0,782.0,765.0,768.35,768.3,771.72,277282,213983010.15,19673,93532.0,33.73
FIVESTAR,EQ,12-Jun-2025,800.75,802.7,817.25,772.2,778.4,784.8,790.9,437877,346316451.35,19717,126079.0,28.79
FIVESTAR,EQ,11-Jun-2025,800.95,795.05,828.0,780.25,807.0,800.75,803.11,3788413,3042522935.95,88634,2546824.0,67.23
FIVESTAR,EQ,10-Jun-2025,800.8,797.05,802.85,777.55,800.0,800.95,795.37,1633326,1299092688.0,51878,805896.0,49.34
FIVESTAR,EQ,09-Jun-2025,730.8,736.65,817.0,730.7,798.0,800.8,797.44,8859868,7065235017.7,217427,2397008.0,27.05
FIVESTAR,EQ,06-Jun-2025,691.65,693.0,749.5,687.4,730.0,730.8,728.65,2532464,1845288063.05,89320,784069.0,30.96
FIVESTAR,EQ,05-Jun-2025,687.35,690.0,694.5,684.55,690.0,691.65,689.67,220311,151942306.85,10808,99893.0,45.34
FIVESTAR,EQ,04-Jun-2025,681.15,685.0,689.65,676.35,687.8,687.35,683.65,234307,160183857.2,13704,106314.0,45.37
FIVESTAR,EQ,03-Jun-2025,699.35,700.0,704.6,680.0,681.15,681.15,685.47,683646,468620659.85,34564,375362.0,54.91
FIVESTAR,EQ,02-Jun-2025,709.25,710.0,725.0,687.75,702.0,699.35,709.79,950719,674807751.15,45580,471421.0,49.59
FIVESTAR,EQ,30-May-2025,682.05,686.45,712.5,678.05,708.0,709.25,702.25,948852,666332480.3,36421,552724.0,58.25
FIVESTAR,EQ,29-May-2025,691.6,695.0,695.0,675.3,686.45,682.05,681.15,498869,339804966.3,27972,279182.0,55.96
FIVESTAR,EQ,28-May-2025,708.05,711.8,714.5,683.2,691.0,691.6,701.72,720726,505747833.45,33689,412887.0,57.29
FIVESTAR,EQ,27-May-2025,707.25,709.0,715.95,700.15,706.0,708.05,709.34,578626,410441890.7,21948,319396.0,55.20
FIVESTAR,EQ,26-May-2025,694.75,700.4,716.0,694.05,707.0,707.25,706.68,518865,366672014.8,23279,177747.0,34.26
FIVESTAR,EQ,23-May-2025,688.0,691.25,696.55,679.0,692.0,694.75,691.75,407021,281557058.9,21225,201613.0,49.53
FIVESTAR,EQ,22-May-2025,674.3,674.3,696.6,669.9,687.25,688.0,686.49,652579,447986298.0,33754,210264.0,32.22
FIVESTAR,EQ,21-May-2025,669.2,669.2,682.5,669.2,674.0,674.3,675.64,348257,235295125.4,29759,162007.0,46.52
FIVESTAR,EQ,20-May-2025,672.95,678.0,682.0,664.85,672.0,669.2,674.29,922819,622244528.2,42555,584731.0,63.36
FIVESTAR,EQ,19-May-2025,679.2,687.6,687.6,668.05,673.4,672.95,672.01,702768,472266979.0,35966,454390.0,64.66
FIVESTAR,EQ,16-May-2025,677.75,680.7,684.65,674.0,680.0,679.2,676.44,546387,369598549.9,26229,349011.0,63.88
FIVESTAR,EQ,15-May-2025,681.25,686.25,689.45,675.0,679.0,677.75,678.02,392451,266087724.95,30184,234617.0,59.78
FIVESTAR,EQ,14-May-2025,687.2,690.0,691.9,675.65,681.5,681.25,679.95,721958,490893938.35,32436,476189.0,65.96
FIVESTAR,EQ,13-May-2025,692.15,694.45,701.45,685.0,687.0,687.2,689.33,336744,232127951.6,16485,189955.0,56.41
FIVESTAR,EQ,12-May-2025,672.85,699.9,700.0,686.95,693.45,692.15,692.32,848652,587540766.1,17993,660504.0,77.83
FIVESTAR,EQ,09-May-2025,679.65,666.0,686.6,660.0,673.0,672.85,673.89,452771,305119088.95,35903,207333.0,45.79
FIVESTAR,EQ,08-May-2025,683.3,691.75,712.75,675.0,681.5,679.65,696.0,787873,548360644.4,45830,361575.0,45.89
FIVESTAR,EQ,07-May-2025,673.4,660.5,692.0,660.5,684.3,683.3,681.71,1501251,1023425113.5,32292,1177105.0,78.41
FIVESTAR,EQ,06-May-2025,687.7,691.15,695.4,670.5,671.5,673.4,680.57,434316,295583299.0,31976,221619.0,51.03
FIVESTAR,EQ,05-May-2025,696.5,705.8,705.8,685.35,688.4,687.7,692.27,535052,370403106.35,32214,237865.0,44.46
FIVESTAR,EQ,02-May-2025,705.95,709.45,716.0,687.15,695.95,696.5,699.52,845332,591329540.5,43744,376531.0,44.54
FIVESTAR,EQ,30-Apr-2025,754.45,756.95,759.75,700.2,708.0,705.95,720.23,1318093,949336570.35,51422,579019.0,43.93
FIVESTAR,EQ,29-Apr-2025,766.95,766.95,778.55,750.0,751.85,754.45,760.55,251600,191353625.7,23277,123155.0,48.95
FIVESTAR,EQ,28-Apr-2025,796.95,781.0,800.4,755.55,766.3,766.95,768.31,1154390,886923707.9,57275,488562.0,42.32
FIVESTAR,EQ,25-Apr-2025,807.85,805.0,823.45,788.25,795.0,796.95,801.07,469335,375971083.95,38171,146860.0,31.29
FIVESTAR,EQ,24-Apr-2025,827.85,823.05,827.8,804.0,809.6,807.85,814.83,426864,347823395.15,19338,262752.0,61.55
FIVESTAR,EQ,23-Apr-2025,843.6,843.55,850.0,821.0,823.9,827.85,834.15,346279,288849865.0,18553,170025.0,49.10
FIVESTAR,EQ,22-Apr-2025,814.05,814.9,848.7,794.45,843.95,843.6,828.87,1336890,1108110025.5,53753,586627.0,43.88
FIVESTAR,EQ,21-Apr-2025,785.55,794.75,829.7,789.0,813.55,814.05,811.04,2374389,1925723608.8,90594,347932.0,14.65
FIVESTAR,EQ,17-Apr-2025,750.4,750.4,796.0,746.55,789.8,785.55,766.04,1413348,1082677679.25,48113,829204.0,58.67
FIVESTAR,EQ,16-Apr-2025,745.6,745.6,769.0,736.0,750.0,750.4,752.77,750547,564990439.0,37427,327392.0,43.62
FIVESTAR,EQ,15-Apr-2025,717.4,725.95,754.6,718.4,745.0,745.6,743.31,800119,594732481.5,50065,352332.0,44.03
FIVESTAR,EQ,11-Apr-2025,698.2,721.0,722.6,687.75,718.45,717.4,705.91,554352,391321280.7,29061,200205.0,36.12
FIVESTAR,EQ,09-Apr-2025,713.25,712.05,712.9,685.45,696.5,698.2,695.5,464148,322813360.65,31769,191872.0,41.34
FIVESTAR,EQ,08-Apr-2025,668.55,682.3,732.85,679.1,710.0,713.25,720.67,6193592,4463509555.4,161656,798157.0,12.89
FIVESTAR,EQ,07-Apr-2025,688.6,613.8,681.7,595.0,670.0,668.55,658.26,1039880,684514956.55,64899,579425.0,55.72
FIVESTAR,EQ,04-Apr-2025,702.8,702.8,702.8,681.0,689.95,688.6,686.06,433204,297202242.35,28915,314527.0,72.60
FIVESTAR,EQ,03-Apr-2025,697.25,707.0,707.25,692.1,703.0,702.8,701.02,250173,175376983.4,14703,127530.0,50.98
FIVESTAR,EQ,02-Apr-2025,697.15,697.15,704.1,688.2,696.3,697.25,698.4,354271,247422608.65,14948,211879.0,59.81
FIVESTAR,EQ,01-Apr-2025,723.95,710.15,714.9,687.8,695.6,697.15,698.22,760033,530666532.3,38788,438888.0,57.75
FIVESTAR,EQ,28-Mar-2025,724.6,729.85,740.9,716.6,723.75,723.95,724.47,330036,239101429.6,23645,138805.0,42.06
FIVESTAR,EQ,27-Mar-2025,701.3,704.75,737.9,693.6,728.95,724.6,709.78,1150239,816412960.4,51265,844606.0,73.43
FIVESTAR,EQ,26-Mar-2025,703.75,709.0,713.95,697.25,701.0,701.3,704.04,527821,371605881.9,28515,359388.0,68.09
FIVESTAR,EQ,25-Mar-2025,719.7,724.3,729.45,696.0,700.0,703.75,704.81,740074,521612989.15,29727,500306.0,67.60
FIVESTAR,EQ,24-Mar-2025,726.8,721.45,745.0,717.0,724.3,719.7,732.44,687194,503328054.4,44235,302145.0,43.97
FIVESTAR,EQ,21-Mar-2025,718.1,712.0,729.8,702.75,727.5,726.8,718.68,376826,270816356.35,24490,115696.0,30.70
FIVESTAR,EQ,20-Mar-2025,689.7,699.0,743.25,683.95,710.0,718.1,722.92,2390816,1728362054.15,99761,248686.0,10.40
FIVESTAR,EQ,19-Mar-2025,671.2,674.9,693.7,667.0,689.9,689.7,684.1,336892,230467668.6,21449,132852.0,39.43
FIVESTAR,EQ,18-Mar-2025,667.25,677.0,686.0,668.0,673.95,671.2,678.99,639976,434537680.95,23014,397286.0,62.08
FIVESTAR,EQ,17-Mar-2025,650.4,650.0,670.0,645.7,668.0,667.25,659.61,732048,482866530.25,40346,466751.0,63.76
FIVESTAR,EQ,13-Mar-2025,649.55,649.6,654.6,638.0,651.0,650.4,647.48,234359,151742410.8,19356,114844.0,49.00
FIVESTAR,EQ,12-Mar-2025,650.55,650.65,659.0,642.0,652.9,649.55,647.46,284625,184282407.05,20782,117754.0,41.37
FIVESTAR,EQ,11-Mar-2025,670.5,665.45,669.0,646.35,653.0,650.55,653.1,358081,233862847.55,29623,155643.0,43.47
FIVESTAR,EQ,10-Mar-2025,688.45,672.35,693.0,664.25,670.7,670.5,679.42,358158,243340031.35,35258,160099.0,44.70
FIVESTAR,EQ,07-Mar-2025,693.35,697.5,699.8,684.35,687.0,688.45,690.83,297721,205674864.05,23205,124034.0,41.66
FIVESTAR,EQ,06-Mar-2025,707.7,712.9,719.6,690.35,693.0,693.35,706.31,433741,306355067.15,31793,190734.0,43.97
FIVESTAR,EQ,05-Mar-2025,695.95,700.35,730.0,700.35,705.0,707.7,716.32,827071,592443717.85,60551,271527.0,32.83
FIVESTAR,EQ,04-Mar-2025,719.55,709.2,719.4,690.0,691.5,695.95,700.44,659295,461795415.2,37607,298710.0,45.31
FIVESTAR,EQ,03-Mar-2025,761.5,761.4,763.7,711.2,723.0,719.55,731.12,687043,502310840.75,43993,218962.0,31.87
FIVESTAR,EQ,28-Feb-2025,730.95,721.35,777.7,716.5,753.1,761.5,749.72,1559254,1168996169.35,69980,575660.0,36.92
FIVESTAR,EQ,27-Feb-2025,713.2,718.8,763.8,716.8,725.15,730.95,745.61,2741409,2044012184.45,109667,900107.0,32.83
FIVESTAR,EQ,25-Feb-2025,709.4,702.0,727.8,702.0,711.9,713.2,718.07,807567,579888970.9,31686,587670.0,72.77
FIVESTAR,EQ,24-Feb-2025,697.15,686.7,729.95,681.0,709.5,709.4,707.09,578233,408861616.65,44203,122025.0,21.10
FIVESTAR,EQ,21-Feb-2025,679.9,670.05,704.2,670.05,696.35,697.15,686.97,305146,209625243.05,29654,68509.0,22.45
FIVESTAR,EQ,20-Feb-2025,677.65,669.8,685.0,661.25,681.0,679.9,676.71,242768,164283770.15,27875,88862.0,36.60
FIVESTAR,EQ,19-Feb-2025,697.8,685.9,694.85,674.35,678.0,677.65,679.45,424549,288458389.4,30827,119745.0,28.21
FIVESTAR,EQ,18-Feb-2025,685.25,692.25,726.3,691.05,693.5,697.8,707.02,2083077,1472774754.8,100039,360611.0,17.31
FIVESTAR,EQ,17-Feb-2025,698.55,690.0,698.5,672.3,687.0,685.25,685.23,518633,355381346.5,39867,293778.0,56.64
FIVESTAR,EQ,14-Feb-2025,721.8,724.95,727.95,694.25,698.0,698.55,706.17,458355,323674497.15,30482,205542.0,44.84
FIVESTAR,EQ,13-Feb-2025,699.8,699.15,725.55,687.65,722.0,721.8,715.8,398866,285506301.4,28101,143813.0,36.06
FIVESTAR,EQ,12-Feb-2025,700.95,697.5,705.4,661.3,695.1,699.8,681.16,610556,415887573.3,61348,296375.0,48.54
FIVESTAR,EQ,11-Feb-2025,726.95,726.95,729.85,685.05,701.0,700.95,698.95,341363,238594100.35,33831,142235.0,41.67
FIVESTAR,EQ,10-Feb-2025,770.95,765.0,768.6,717.55,723.0,726.95,740.89,868206,643244426.35,68935,419550.0,48.32
FIVESTAR,EQ,07-Feb-2025,760.75,760.75,779.0,746.9,769.0,770.95,762.62,299373,228308599.65,23297,145982.0,48.76
FIVESTAR,EQ,06-Feb-2025,741.45,742.9,766.0,735.95,757.0,760.75,757.67,342860,259775086.25,25056,99751.0,29.09
FIVESTAR,EQ,05-Feb-2025,738.25,738.25,747.25,730.3,743.6,741.45,739.78,168609,124732973.3,13934,82366.0,48.85
FIVESTAR,EQ,04-Feb-2025,724.8,724.95,743.0,716.05,737.7,738.25,730.13,418323,305429539.6,28337,165991.0,39.68
FIVESTAR,EQ,03-Feb-2025,743.35,745.15,748.35,712.5,720.5,724.8,732.23,488537,357722277.15,34730,203291.0,41.61
FIVESTAR,EQ,01-Feb-2025,789.3,785.0,785.0,735.0,735.0,743.35,749.05,716172,536446798.25,43309,129199.0,18.04
FIVESTAR,EQ,31-Jan-2025,750.95,750.75,798.0,747.5,793.5,789.3,774.37,351786,272411985.55,20740,141947.0,40.35
FIVESTAR,EQ,30-Jan-2025,741.7,742.6,756.6,731.75,750.0,750.95,748.33,263874,197463534.1,18632,88189.0,33.42
FIVESTAR,EQ,29-Jan-2025,719.7,715.9,747.55,713.55,740.05,741.7,733.64,391427,287168057.45,26310,118418.0,30.25
FIVESTAR,EQ,28-Jan-2025,709.4,695.15,728.4,695.15,719.7,719.7,720.29,1668872,1202078306.6,46543,1049938.0,62.91
FIVESTAR,EQ,27-Jan-2025,703.95,695.0,722.8,666.1,703.75,709.4,700.75,1094617,767054287.6,66065,182951.0,16.71
FIVESTAR,EQ,24-Jan-2025,675.2,663.0,715.0,663.0,700.0,703.95,695.7,2063420,1435521165.5,113524,242461.0,11.75
FIVESTAR,EQ,23-Jan-2025,673.25,667.9,681.0,650.1,673.6,675.2,670.46,358947,240658312.45,27586,98161.0,27.35
FIVESTAR,EQ,22-Jan-2025,649.45,649.0,693.35,633.0,659.95,673.25,654.11,1129575,738868024.0,62572,455117.0,40.29
FIVESTAR,EQ,21-Jan-2025,662.75,663.45,666.35,646.5,648.0,649.45,652.4,319443,208404031.05,17283,182135.0,57.02
FIVESTAR,EQ,20-Jan-2025,664.5,673.85,673.85,659.5,663.0,662.75,663.66,175533,116493774.45,8913,62450.0,35.58
FIVESTAR,EQ,17-Jan-2025,674.45,674.2,674.2,653.2,666.0,664.5,661.52,311769,206241841.5,25453,109866.0,35.24
FIVESTAR,EQ,16-Jan-2025,644.4,660.0,678.3,651.5,674.9,674.45,673.3,937680,631335381.15,40025,621256.0,66.25
FIVESTAR,EQ,15-Jan-2025,643.15,653.35,660.0,636.25,645.0,644.4,644.57,982329,633180638.45,38724,674094.0,68.62
FIVESTAR,EQ,14-Jan-2025,651.6,663.65,670.05,640.05,648.0,643.15,646.48,453181,292974482.5,25359,203585.0,44.92
FIVESTAR,EQ,13-Jan-2025,676.85,666.7,689.65,647.75,665.0,651.6,666.78,1431355,954398904.6,55642,858342.0,59.97
FIVESTAR,EQ,10-Jan-2025,719.9,714.5,717.8,675.0,680.0,676.85,686.55,347568,238621488.45,27591,94784.0,27.27
FIVESTAR,EQ,09-Jan-2025,724.0,723.95,725.8,716.05,720.0,719.9,721.71,134358,96966955.7,11368,72048.0,53.62
FIVESTAR,EQ,08-Jan-2025,721.5,728.0,731.4,714.8,723.45,724.0,722.16,386286,278962062.5,26342,156697.0,40.57
FIVESTAR,EQ,07-Jan-2025,742.4,739.0,754.85,718.35,722.0,721.5,730.89,457644,334485413.0,27173,137157.0,29.97
FIVESTAR,EQ,06-Jan-2025,790.45,799.4,799.4,736.0,741.0,742.4,751.69,567131,426307458.2,34384,160081.0,28.23
FIVESTAR,EQ,03-Jan-2025,797.7,804.85,815.0,785.1,788.0,790.45,798.28,807337,644480854.95,52308,407604.0,50.49
FIVESTAR,EQ,02-Jan-2025,791.7,777.05,817.0,776.5,798.95,797.7,800.78,2319514,1857419149.1,68087,1537876.0,66.30
FIVESTAR,EQ,01-Jan-2025,773.8,778.45,800.0,763.7,782.0,791.7,782.68,511537,400368072.0,22730,116776.0,22.83
FIVESTAR,EQ,31-Dec-2024,801.1,792.0,794.55,765.45,772.0,773.8,772.37,1061273,819690827.05,37232,484657.0,45.67
FIVESTAR,EQ,30-Dec-2024,797.85,802.0,820.0,750.3,800.05,801.1,783.83,1785246,1399322001.55,64661,820645.0,45.97
FIVESTAR,EQ,17-Apr-2026,459.7,459.7,474.0,457.05,471.8,471.85,469.21,987143,463176595.75,35527,437405.0,44.31
FIVESTAR,EQ,16-Apr-2026,450.3,455.0,462.7,447.65,460.05,459.7,455.87,1658072,755864697.7,39714,821340.0,49.54
FIVESTAR,EQ,15-Apr-2026,420.7,427.5,452.25,425.1,450.0,450.3,444.79,2244182,998181732.15,43879,1130266.0,50.36
FIVESTAR,EQ,13-Apr-2026,428.6,416.0,424.9,406.8,423.15,420.7,416.23,792292,329772543.5,27402,319668.0,40.35
FIVESTAR,EQ,10-Apr-2026,423.3,425.0,435.95,421.0,425.85,428.6,430.44,993582,427677627.6,31013,445250.0,44.81
FIVESTAR,EQ,09-Apr-2026,407.2,407.0,425.45,403.6,422.55,423.3,417.97,1428855,597219881.2,41219,548105.0,38.36
FIVESTAR,EQ,08-Apr-2026,374.2,395.2,411.5,381.5,406.1,407.2,398.95,3486356,1390876404.35,69378,1445449.0,41.46
FIVESTAR,EQ,07-Apr-2026,356.95,356.0,376.6,354.55,375.0,374.2,369.04,2911561,1074492834.0,73370,1440749.0,49.48
FIVESTAR,EQ,06-Apr-2026,360.6,365.0,365.95,353.75,359.0,356.95,356.97,1192653,425742462.6,43464,686889.0,57.59
FIVESTAR,EQ,02-Apr-2026,360.05,354.9,362.35,348.8,361.0,360.6,357.07,955106,341039471.55,32801,445970.0,46.69
FIVESTAR,EQ,01-Apr-2026,352.95,369.15,370.8,359.1,359.1,360.05,364.82,1018677,371632431.05,43216,542363.0,53.24
FIVESTAR,EQ,30-Mar-2026,376.7,369.0,369.25,350.3,352.95,352.95,360.48,1734290,625181698.3,39009,954387.0,55.03
FIVESTAR,EQ,27-Mar-2026,382.6,374.4,385.5,369.0,375.0,376.7,379.47,2165742,821844833.35,42482,1122771.0,51.84
FIVESTAR,EQ,25-Mar-2026,364.55,366.9,398.9,361.65,382.5,382.6,388.32,5852703,2272729494.1,112430,1272218.0,21.74
FIVESTAR,EQ,24-Mar-2026,347.3,354.75,373.6,347.45,363.95,364.55,365.55,2357054,861613418.75,58218,759222.0,32.21
FIVESTAR,EQ,23-Mar-2026,350.65,349.0,351.0,338.15,349.1,347.3,345.52,1172905,405257873.7,27263,650046.0,55.42
FIVESTAR,EQ,20-Mar-2026,355.2,362.0,364.85,350.0,350.1,350.65,355.17,962079,341697370.1,26735,495972.0,51.55
FIVESTAR,EQ,19-Mar-2026,376.8,369.0,370.85,354.0,358.0,355.2,361.59,1145373,414156368.2,35328,567852.0,49.58
FIVESTAR,EQ,18-Mar-2026,355.25,359.8,382.1,357.1,376.0,376.8,372.79,2944184,1097567049.8,80019,1025423.0,34.83
FIVESTAR,EQ,17-Mar-2026,358.15,360.45,361.25,349.25,356.0,355.25,353.45,900435,318260680.3,28234,445417.0,49.47
FIVESTAR,EQ,16-Mar-2026,353.2,353.0,362.1,347.95,357.7,358.15,352.71,1022389,360610132.5,35062,489868.0,47.91
FIVESTAR,EQ,13-Mar-2026,368.85,367.0,368.0,343.25,354.3,353.2,351.28,2897629,1017883973.25,75725,1399464.0,48.3
FIVESTAR,EQ,12-Mar-2026,380.6,380.5,380.6,364.55,368.95,368.85,370.13,1761189,651872890.45,41766,975797.0,55.41
FIVESTAR,EQ,11-Mar-2026,387.9,390.35,392.35,380.0,381.0,380.6,386.84,656537,253974321.6,19467,363123.0,55.31
FIVESTAR,EQ,10-Mar-2026,384.1,388.8,396.15,383.15,387.9,387.9,389.78,968445,377481898.75,25057,512246.0,52.89
FIVESTAR,EQ,09-Mar-2026,406.35,400.0,400.25,381.25,385.0,384.1,387.36,1087207,421140213.5,34464,582206.0,53.55
FIVESTAR,EQ,06-Mar-2026,408.05,410.4,412.7,404.05,404.9,406.35,408.51,464616,189799581.9,14933,250391.0,53.89
FIVESTAR,EQ,05-Mar-2026,399.45,401.85,415.0,400.15,409.25,408.05,404.0,760071,307072459.85,38512,359529.0,47.3
FIVESTAR,EQ,04-Mar-2026,407.8,400.25,406.5,398.0,399.5,399.45,401.24,811467,325589685.95,30372,463141.0,57.07
FIVESTAR,EQ,02-Mar-2026,417.15,402.0,410.0,399.0,408.6,407.8,405.56,618806,250962294.7,22219,299863.0,48.46
FIVESTAR,EQ,27-Feb-2026,423.6,422.05,424.0,416.0,416.9,417.15,418.13,1013333,423706889.9,34892,571936.0,56.44
FIVESTAR,EQ,26-Feb-2026,426.35,426.35,434.6,421.4,424.0,423.6,425.87,788589,335832616.4,30850,450892.0,57.18
FIVESTAR,EQ,25-Feb-2026,426.15,426.0,429.3,423.55,425.15,426.35,426.34,1217294,518977320.25,19276,898533.0,73.81
FIVESTAR,EQ,24-Feb-2026,435.35,435.0,435.0,424.5,426.9,426.15,428.28,1184506,507297292.4,25128,772861.0,65.25
FIVESTAR,EQ,23-Feb-2026,439.7,444.95,448.4,433.05,435.0,435.35,437.87,658403,288292709.7,25462,342474.0,52.02
FIVESTAR,EQ,20-Feb-2026,443.35,443.0,447.9,437.25,438.5,439.7,441.98,481546,212834702.15,14414,221117.0,45.92
FIVESTAR,EQ,19-Feb-2026,439.3,442.0,448.25,434.55,443.0,443.35,441.69,853797,377109741.05,20738,281379.0,32.96
FIVESTAR,EQ,18-Feb-2026,445.55,449.0,453.0,437.75,438.0,439.3,443.11,799885,354434581.2,20135,369848.0,46.24
FIVESTAR,EQ,17-Feb-2026,441.1,441.35,447.95,436.5,446.9,445.55,443.78,1160045,514810219.45,26046,750784.0,64.72
FIVESTAR,EQ,16-Feb-2026,440.0,440.0,442.7,433.0,442.7,441.1,438.45,567505,248822857.75,15642,242169.0,42.67
FIVESTAR,EQ,13-Feb-2026,440.3,440.2,445.5,432.05,439.9,440.0,439.57,874806,384541683.35,26469,273678.0,31.28
FIVESTAR,EQ,12-Feb-2026,432.25,435.0,455.9,431.15,442.0,440.3,447.57,5902414,2641764060.45,109463,1314209.0,22.27
FIVESTAR,EQ,11-Feb-2026,440.0,440.0,441.25,426.0,436.9,432.25,430.51,4202483,1809218473.1,64421,2905764.0,69.14
FIVESTAR,EQ,10-Feb-2026,440.45,442.8,445.5,438.0,440.0,440.0,441.92,1355628,599084273.3,27495,662268.0,48.85
FIVESTAR,EQ,09-Feb-2026,450.5,450.0,455.95,439.0,440.0,440.45,446.39,2164034,966011712.05,45162,1347795.0,62.28
FIVESTAR,EQ,06-Feb-2026,447.95,447.95,452.75,440.0,451.8,450.5,445.94,615352,274410611.6,18359,274141.0,44.55
FIVESTAR,EQ,05-Feb-2026,461.6,461.6,461.6,438.9,446.8,447.95,446.3,2002854,893873419.55,78980,880152.0,43.94
FIVESTAR,EQ,04-Feb-2026,448.75,450.0,466.65,441.8,461.2,461.6,454.02,1226565,556887060.3,37816,531087.0,43.3
FIVESTAR,EQ,03-Feb-2026,440.45,463.0,463.15,446.65,448.7,448.75,452.9,1801990,816125145.8,48386,940254.0,52.18
FIVESTAR,EQ,02-Feb-2026,454.25,450.95,452.5,420.55,441.0,440.45,433.36,2204687,955425272.05,62403,602355.0,27.32
FIVESTAR,EQ,01-Feb-2026,455.95,458.25,467.7,445.85,455.0,454.25,458.48,570433,261533306.1,18572,179169.0,31.41
FIVESTAR,EQ,30-Jan-2026,443.55,444.0,474.0,436.45,455.9,455.95,459.89,4249329,1954206145.3,71732,1717544.0,40.42
FIVESTAR,EQ,29-Jan-2026,501.3,490.0,501.4,435.05,450.2,443.55,455.25,11995087,5460779523.55,185904,3414807.0,28.47
FIVESTAR,EQ,28-Jan-2026,512.7,515.75,517.1,496.05,503.55,501.3,506.1,898488,454726332.8,30714,489380.0,54.47
FIVESTAR,EQ,27-Jan-2026,512.7,512.85,516.95,504.3,516.95,512.7,510.25,424731,216716951.6,18160,195805.0,46.1
FIVESTAR,EQ,23-Jan-2026,514.2,516.85,520.6,507.65,511.95,512.7,510.93,368658,188358131.65,12137,182314.0,49.45
FIVESTAR,EQ,22-Jan-2026,517.15,526.0,526.0,511.1,515.0,514.2,518.98,717271,372248741.35,26035,376416.0,52.48
FIVESTAR,EQ,21-Jan-2026,509.85,506.65,520.0,504.8,517.0,517.15,511.56,677292,346478035.5,24767,406097.0,59.96
FIVESTAR,EQ,20-Jan-2026,506.35,506.35,516.0,500.2,510.25,509.85,510.55,1406900,718292465.9,28327,842947.0,59.92
FIVESTAR,EQ,19-Jan-2026,515.6,513.55,513.55,504.1,505.95,506.35,507.31,529722,268735774.75,23383,276783.0,52.25
FIVESTAR,EQ,16-Jan-2026,513.45,515.0,521.55,513.7,515.55,515.6,517.84,469132,242936610.75,15249,267432.0,57.01
FIVESTAR,EQ,14-Jan-2026,518.2,515.45,518.8,512.5,513.1,513.45,516.13,451329,232946553.75,10931,335979.0,74.44
FIVESTAR,EQ,13-Jan-2026,507.15,507.2,519.9,504.2,517.6,518.2,514.61,676054,347903397.25,21131,353144.0,52.24
FIVESTAR,EQ,12-Jan-2026,507.6,508.95,510.0,498.95,507.2,507.15,504.25,456608,230246706.55,22019,193510.0,42.38
FIVESTAR,EQ,09-Jan-2026,516.65,516.7,519.0,506.0,508.15,507.6,510.7,510787,260856859.95,21210,269350.0,52.73
FIVESTAR,EQ,08-Jan-2026,531.9,532.0,533.0,515.0,516.15,516.65,521.55,689064,359379454.2,23298,359566.0,52.18
FIVESTAR,EQ,07-Jan-2026,535.7,534.95,537.2,527.25,531.5,531.9,531.92,477618,254053999.8,23986,212182.0,44.43
FIVESTAR,EQ,06-Jan-2026,530.05,532.0,543.25,524.75,535.0,535.7,532.33,1332902,709549418.1,33233,616341.0,46.24
FIVESTAR,EQ,05-Jan-2026,532.25,533.85,534.95,526.5,532.0,530.05,529.81,659238,349267673.0,33625,354714.0,53.81
FIVESTAR,EQ,02-Jan-2026,534.35,534.0,538.55,527.25,532.0,532.25,532.37,907264,482996047.25,28989,455113.0,50.16
FIVESTAR,EQ,01-Jan-2026,545.35,543.55,548.85,532.45,536.0,534.35,537.45,575696,309405659.85,25677,306157.0,53.18
FIVESTAR,EQ,31-Dec-2025,539.9,541.65,552.25,540.5,542.9,545.35,545.55,719631,392591750.45,22740,432659.0,60.12
FIVESTAR,EQ,30-Dec-2025,541.6,544.0,548.15,531.35,540.45,539.9,537.69,746341,401300475.7,27773,351865.0,47.15
FIVESTAR,EQ,29-Dec-2025,552.7,555.0,557.9,540.0,541.4,541.6,544.8,429267,233864911.25,15217,210884.0,49.13
